juego,version,nombre,posicion
IE1,Raimon 1,Mark Evans,
IE1,Raimon 1,Jack Wallside,
IE1,Raimon 1,Jim Wraith,
IE1,Raimon 1,Bobby Shearer,
IE1,Raimon 1,Tod Ironside,
IE1,Raimon 1,Nathan Swift,
IE1,Raimon 1,Steve Grim,
IE1,Raimon 1,Tim Saunders,
IE1,Raimon 1,Sam Kincaid,
IE1,Raimon 1,Jude Sharp,
IE1,Raimon 1,Maxwell Carson,
IE1,Raimon 1,Kevin Dragonfly,
IE1,Raimon 1,Axel Blaze,
IE1,Raimon 1,William Glass,
IE2,Raimon 2,Mark Evans,
IE2,Raimon 2,Jack Wallside,
IE2,Raimon 2,Jim Wraith,
IE2,Raimon 2,Bobby Shearer,
IE2,Raimon 2,Tod Ironside,
IE2,Raimon 2,Nathan Swift,
IE2,Raimon 2,Steve Grim,
IE2,Raimon 2,Tim Saunders,
IE2,Raimon 2,Sam Kincaid,
IE2,Raimon 2,Jude Sharp,
IE2,Raimon 2,Erik Eagle,
IE2,Raimon 2,Maxwell Carson,
IE2,Raimon 2,Kevin Dragonfly,
IE2,Raimon 2,Axel Blaze,
IE2,Raimon 2,William Glass,
IE3,Inazuma Japón,Mark Evans,
IE3,Inazuma Japón,Darren LaChance,
IE3,Inazuma Japón,Jack Wallside,
IE3,Inazuma Japón,Scott Banyan,
IE3,Inazuma Japón,Archer Hawkins,
IE3,Inazuma Japón,Tod Ironside,
IE3,Inazuma Japón,Nathan Swift,
IE3,Inazuma Japón,Hurley Kane,
IE3,Inazuma Japón,Thor Stoutberg,
IE3,Inazuma Japón,Jordan Greenway,
IE3,Inazuma Japón,Caleb Stonewall,
IE3,Inazuma Japón,Jude Sharp,
IE3,Inazuma Japón,David Samford,
IE3,Inazuma Japón,Shawn Froste,DL
IE3,Inazuma Japón,Xavier Foster,
IE3,Inazuma Japón,Kevin Dragonfly,
IE3,Inazuma Japón,Austin Hobbes,
IE3,Inazuma Japón,Axel Blaze,
GO1,Raimon GO,Arion Sherwind,
GO1,Raimon GO,Riccardo Di Rigo,
GO1,Raimon GO,Victor Blade,
GO1,Raimon GO,Jean-Pierre Lapin,
GO2,Raimon 2 / Chrono,Arion SherWind,
GO2,Raimon 2 / Chrono,Riccardo Di Rigo,
GO2,Raimon 2 / Chrono,Victor Blade,
GO2,Raimon 2 / Chrono,Jean-Pierre Lapin,
GO3,Earth Eleven,Arion Sherwind,
GO3,Earth Eleven,Victor Blade,
GO3,Earth Eleven,Jean Pierre Lapin (J.P),
