ID,Type,Name,Tier,Real Tier,Min Power,Kakusei Power,True Power,TP,Element,Secondary type
16A,Shoot,Megane Crash,SP,Co-Op 2P,160.0,170.0,170,50.0,Earth,Normal
180,Shoot,Omega Attack (Armed),SP,Armed (Co-Op 3P),110.0,120.0,160,50.0,Void,Normal
181,Shoot,Omega Attack (Armed),SP,Armed (Co-Op 3P),110.0,120.0,160,50.0,Void,Normal
182,Shoot,Omega Attack (Armed),SP,Armed (Co-Op 3P),110.0,120.0,160,50.0,Void,Normal
1BC,Shoot,Fire Tornado TC (Armed),SP,Armed (Co-Op 3P),110.0,120.0,160,50.0,Fire,Normal
1BD,Shoot,Fire Tornado TC (Armed),SP,Armed (Co-Op 3P),110.0,120.0,160,50.0,Fire,Normal
1BE,Shoot,Fire Tornado TC (Armed),SP,Armed (Co-Op 3P),110.0,120.0,160,50.0,Fire,Normal
1BF,Shoot,Fire Tornado TC (Armed),SP,Armed (Co-Op 3P),110.0,120.0,160,50.0,Fire,Normal
1C0,Shoot,Fire Tornado TC (Armed),SP,Armed (Co-Op 3P),110.0,120.0,160,50.0,Fire,Normal
1C1,Shoot,Fire Tornado TC (Armed),SP,Armed (Co-Op 3P),110.0,120.0,160,50.0,Fire,Normal
1C2,Shoot,Fire Tornado TC (Armed),SP,Armed (Co-Op 3P),110.0,120.0,160,50.0,Fire,Normal
1C3,Shoot,Fire Tornado TC (Armed),SP,Armed (Co-Op 3P),110.0,120.0,160,50.0,Fire,Normal
1C4,Shoot,Fire Tornado TC (Armed),SP,Armed (Co-Op 3P),110.0,120.0,160,50.0,Fire,Normal
1C5,Shoot,Fire Tornado TC (Armed),SP,Armed (Co-Op 3P),110.0,120.0,160,50.0,Fire,Normal
1C6,Shoot,Fire Tornado TC (Armed),SP,Armed (Co-Op 3P),110.0,120.0,160,50.0,Fire,Normal
1C7,Shoot,Fire Tornado TC (Armed),SP,Armed (Co-Op 3P),110.0,120.0,160,50.0,Fire,Normal
1C8,Shoot,Fire Tornado TC (Armed),SP,Armed (Co-Op 3P),110.0,120.0,160,50.0,Fire,Normal
1C9,Shoot,Fire Tornado TC (Armed),SP,Armed (Co-Op 3P),110.0,120.0,160,50.0,Fire,Normal
1CA,Shoot,Fire Tornado TC (Armed),SP,Armed (Co-Op 3P),110.0,120.0,160,50.0,Fire,Normal
1CB,Shoot,Fire Tornado TC (Armed),SP,Armed (Co-Op 3P),110.0,120.0,160,50.0,Fire,Normal
1CC,Shoot,Fire Tornado TC (Armed),SP,Armed (Co-Op 3P),110.0,120.0,160,50.0,Fire,Normal
125,Shoot,Sword Excalibur,SP,Keshin (Co-Op 2P),130.0,140.0,160,50.0,Void,Normal
124,Shoot,Sword of Fire,SP,Keshin (Co-Op 3P),130.0,140.0,160,50.0,Fire,Normal
185,Shoot,Chaos Meteor (Armed),SP,Armed,100.0,110.0,150,60.0,Earth,Normal
188,Shoot,Gamma Strike (Armed),SP,Armed,100.0,110.0,150,70.0,Wood,Normal
196,Shoot,God Wind (Armed),SP,Armed,100.0,110.0,150,70.0,Wind,Normal
1B0,Shoot,Dragon Blaster (Armed),SP,Armed,100.0,110.0,150,70.0,Wind,Normal
1A6,Shoot,Disaster Break (Armed),SP,Armed,100.0,110.0,150,70.0,Earth,Normal
1B2,Shoot,Bouncer Rabbit (Armed),SP,Armed,100.0,110.0,150,80.0,Wood,Normal
19F,Shoot,Spinning Transam (Armed),SP,Armed,100.0,110.0,150,80.0,Wind,Normal
1D4,Shoot,Mach Wind (Armed),SP,Armed,100.0,110.0,150,70.0,Wind,Normal
1A9,Shoot,Death Drop (Armed),SP,Armed,100.0,110.0,150,70.0,Fire,Normal
1AA,Shoot,Death Drop (Armed),SP,Armed,100.0,110.0,150,70.0,Fire,Normal
1D9,Shoot,Ryuusei Blade (Armed),SP,Armed,100.0,110.0,150,80.0,Fire,Normal
1AD,Shoot,Denrai Houtou (Armed),SP,Armed,100.0,110.0,150,80.0,Earth,Normal
1A4,Shoot,Double Shot (Armed),SP,Armed,100.0,110.0,150,90.0,Void,Long Shoot
19B,Shoot,Joker Rains (Armed),SP,Armed (Co-Op 2P),100.0,110.0,150,60.0,Wood,Normal
19C,Shoot,Joker Rains (Armed),SP,Armed (Co-Op 2P),100.0,110.0,150,60.0,Wood,Normal
18F,Shoot,Great Blaster (Armed),SP,Armed (Co-Op 2P),100.0,110.0,150,60.0,Void,Normal
190,Shoot,Great Blaster (Armed),SP,Armed (Co-Op 2P),100.0,110.0,150,60.0,Void,Normal
191,Shoot,Great Blaster (Armed),SP,Armed (Co-Op 2P),100.0,110.0,150,60.0,Void,Normal
192,Shoot,Great Blaster (Armed),SP,Armed (Co-Op 2P),100.0,110.0,150,60.0,Void,Normal
193,Shoot,Great Blaster (Armed),SP,Armed (Co-Op 2P),100.0,110.0,150,60.0,Void,Normal
17B,Shoot,Extreme Rabbit (Armed),SP,Armed (Co-Op 2P),100.0,110.0,150,60.0,Earth,Normal
17C,Shoot,Extreme Rabbit (Armed),SP,Armed (Co-Op 2P),100.0,110.0,150,60.0,Earth,Normal
1D5,Shoot,Mortal Smash,SP,Keshin,120.0,130.0,150,80.0,Earth,Normal
148,Shoot,Harmonics,SP,Keshin,110.0,120.0,140,80.0,Wood,Normal
164,Shoot,Maou no Ono,SP,Keshin,110.0,120.0,140,80.0,Wood,Normal
1A8,Shoot,Checkmate,SP,Keshin,110.0,120.0,140,80.0,Wood,Normal
1D3,Shoot,Magician's Box,SP,Keshin,110.0,120.0,140,80.0,Wood,Normal
119,Shoot,Justice Wing,SP,Keshin,110.0,120.0,140,80.0,Wind,Normal
163,Shoot,White Breath,SP,Keshin,110.0,120.0,140,80.0,Wind,Normal
178,Shoot,Icicle Road,SP,Keshin,110.0,120.0,140,80.0,Wind,Normal
179,Shoot,Athena Assault,SP,Keshin,110.0,120.0,140,80.0,Wind,Normal
1CD,Shoot,Falco Wing,SP,Keshin,110.0,120.0,140,80.0,Wind,Normal
1D2,Shoot,Heavy Aqua Lance,SP,Keshin,110.0,120.0,140,80.0,Wind,Normal
175,Shoot,Lost Angel,SP,Keshin,110.0,120.0,140,80.0,Fire,Normal
199,Shoot,Sunshine Force,SP,Keshin,110.0,120.0,140,80.0,Fire,Normal
1B3,Shoot,Bakunetsu Storm,SP,Keshin,110.0,120.0,140,80.0,Fire,Normal
158,Shoot,Bushin Renzan,SP,Keshin,110.0,120.0,140,80.0,Earth,Normal
18B,Shoot,Gallop Buster,SP,Keshin,110.0,120.0,140,80.0,Earth,Normal
1DA,Shoot,Raging Claw,SP,Keshin,110.0,120.0,140,80.0,Earth,Normal
1DB,Shoot,Red Prison,SP,Keshin,110.0,120.0,140,80.0,Earth,Normal
1DC,Shoot,Red Prison,SP,Keshin,110.0,120.0,140,80.0,Earth,Normal
FE,Shoot,Gallop Buster,SP,Keshin,110.0,120.0,140,80.0,Earth,Normal
197,Shoot,Saikyou Eleven Hadou,SP,MIX (Co-Op 3P),130.0,140.0,140,20.0,Wind,Normal
FC,Shoot,Chaos Break,SP,Co-Op 3P,120.0,130.0,130,50.0,Wood,Normal
14F,Shoot,Big Bang,SP,Co-Op 3P,120.0,130.0,130,50.0,Fire,Normal
117,Shoot,The Earth,SP,Co-Op 3P,120.0,130.0,130,50.0,Earth,Normal
118,Shoot,Jet Stream,SP,Co-Op 3P,120.0,130.0,130,50.0,Earth,Long Shoot
11E,Shoot,Supernova,SP,Co-Op 3P,120.0,130.0,130,50.0,Wood,Normal
13A,Shoot,Death Break,SP,Co-Op 3P,120.0,130.0,130,50.0,Earth,Normal
18D,Shoot,Great Max Na Ore,Lv. 3,MIX,110.0,120.0,120,60.0,Earth,Normal
184,Shoot,Chaos Meteor,Lv. 3,MIX,110.0,120.0,120,60.0,Earth,Block
1D7,Shoot,Last Death Zone,SP,Co-Op 3P,110.0,120.0,120,40.0,Wood,Long Shoot
101,Shoot,Grand Fenrir,SP,Co-Op 3P,110.0,120.0,120,40.0,Wood,Normal
10A,Shoot,Koutei Penguin 3,SP,Co-Op 3P,110.0,120.0,120,40.0,Wood,Normal
17F,Shoot,Omega Attack,SP,Co-Op 3P,110.0,120.0,120,40.0,Void,Normal
1B8,Shoot,Fire tornado TC,SP,Co-Op 3P,110.0,120.0,120,40.0,Fire,Normal
1B9,Shoot,Fire tornado TC,SP,Co-Op 3P,110.0,120.0,120,40.0,Fire,Normal
1BA,Shoot,Fire tornado TC,SP,Co-Op 3P,110.0,120.0,120,40.0,Fire,Normal
12A,Shoot,Dark Phoenix,SP,Co-Op 3P,110.0,120.0,120,40.0,Wood,Normal
122,Shoot,Space Penguin,SP,Co-Op 3P,110.0,120.0,120,40.0,Wind,Normal
1BB,Shoot,Fire tornado TC,SP,Co-Op 3P,110.0,120.0,120,40.0,Fire,Normal
F9,Shoot,Evolution,SP,Co-Op 3P,110.0,120.0,120,40.0,Earth,Normal
100,Shoot,Grand Fire,SP,Co-Op 3P,110.0,120.0,120.0,40.0,Fire,Long Shoot
9F,Shoot,Gamma Strike (Mixi-Max),Lv. 3,MIX,100.0,100.0,110.0,60.0,Wood,Long Shoot
1A0,Shoot,Setsuna Boost,Lv. 3,MIX,100.0,110.0,110,60.0,Wood,Chain
1AC,Shoot,Tenchi Raimei,Lv. 3,MIX,100.0,110.0,110,60.0,Wind,Normal
18A,Shoot,Kiku Ichimonji,Lv. 3,MIX,100.0,110.0,110,60.0,Fire,Block
17D,Shoot,Ouja No Kiba,Lv. 3,MIX,100.0,110.0,110,60.0,Earth,Normal
11B,Shoot,Shadow Ray,SP,Co-Op 2P,100.0,110.0,110,40.0,Wood,Normal
11C,Shoot,Joker Rains,SP,Co-Op 2P,100.0,110.0,110,40.0,Wood,Normal
1AB,Shoot,Dual Strike,SP,Co-Op 2P,100.0,110.0,110,40.0,Wood,Normal
105,Shoot,Cross Fire,SP,Co-Op 2P,100.0,110.0,110,40.0,Wind,Normal
111,Shoot,The Birth,SP,Co-Op 2P,100.0,110.0,110,40.0,Wind,Normal
154,Shoot,Fire Blizzard,SP,Co-Op 2P,100.0,110.0,110,40.0,Wind,Normal
15A,Shoot,Prime Legend,SP,Co-Op 2P,100.0,110.0,110,40.0,Wind,Normal
123,Shoot,Zero Magnum,SP,Co-Op 2P,100.0,110.0,110,40.0,Void,Normal
18E,Shoot,Great Blaster,SP,Co-Op 2P,100.0,110.0,110,40.0,Void,Normal
104,Shoot,Cross Fire,SP,Co-Op 2P,100.0,110.0,110,40.0,Fire,Normal
153,Shoot,Fire Blizzard,SP,Co-Op 2P,100.0,110.0,110,40.0,Fire,Normal
1B7,Shoot,Fire Tornado DD,SP,Co-Op 2P,100.0,110.0,110,40.0,Fire,Normal
11A,Shoot,Shadow Ray,SP,Co-Op 2P,100.0,110.0,110,40.0,Earth,Normal
1A1,Shoot,Souhi Yuseidan,SP,Co-Op 2P,100.0,110.0,110,40.0,Earth,Normal
137,Shoot,Death Zone 2,SP,Co-Op 3P,100.0,110.0,110,30.0,Wood,Normal
13F,Shoot,Triangle Z,SP,Co-Op 3P,100.0,110.0,110,30.0,Fire,Normal
1AE,Shoot,Triangle ZZ,SP,Co-Op 3P,100.0,110.0,110,30.0,Fire,Normal
19A,Shoot,Shellbit Burst,Lv. 3,Lv. 3,100.0,110.0,110,50.0,Void,Long Shoot
1A7,Shoot,Dimension Storm,Lv. 3,Lv. 3,100.0,110.0,110,60.0,Wood,Block
10F,Shoot,God Break,Lv. 3,Lv. 3,100.0,110.0,110,60.0,Wind,Normal
10C,Shoot,Koutei Penguin X,Lv. 3,Lv. 3,100.0,110.0,110,60.0,Fire,Normal
13D,Shoot,Tenkuu Otoshi,Lv. 3,Lv. 3,100.0,110.0,110,60.0,Fire,Chain
165,Shoot,Maximum Fire,Lv. 3,Lv. 3,100.0,110.0,110,60.0,Fire,Chain
10D,Shoot,God Canon,Lv. 3,Lv. 3,100.0,110.0,110,60.0,Earth,Chain
11F,Shoot,Strike Samba,Lv. 3,Lv. 3,100.0,110.0,110,60.0,Earth,Long Shoot
FA,Shoot,Odin Sword,Lv. 3,Lv. 3,100.0,110.0,110,60.0,Earth,Chain
12B,Shoot,Dark Matter,Lv. 3,Lv. 3,100.0,110.0,110,60.0,Wood,Block
160,Shoot,Heaven Drive,Lv. 3,Lv. 3,100.0,110.0,110,60.0,Earth,Long Shoot
112,Shoot,The Hurricane,SP,Co-Op 2P,90.0,100.0,100,40.0,Wind,Normal
12C,Shoot,Tiger Storm,SP,Co-Op 2P,90.0,100.0,100,40.0,Fire,Normal
1B6,Shoot,Hinawa Bullet,SP,Co-Op 2P,90.0,100.0,100,40.0,Fire,Long Shoot
16D,Shoot,Unicorn Boost,SP,Co-Op 2P,90.0,100.0,100,40.0,Earth,Normal
17A,Shoot,Extreme Rabbit,SP,Co-Op 2P,90.0,100.0,100,40.0,Earth,Normal
136,Shoot,Death Zone,SP,Co-Op 3P,90.0,100.0,100,30.0,Wood,Normal
140,Shoot,Tri Pegasus,SP,Co-Op 3P,90.0,100.0,100,30.0,Wind,Normal
F1,Shoot,Inazuma 1gou Otoshi,SP,Co-Op 3P,90.0,100.0,100,30.0,Wind,Normal
F3,Shoot,Inazuma Break,SP,Co-Op 3P,90.0,100.0,100,30.0,Wind,Normal
113,Shoot,The Phoenix,SP,Co-Op 3P,90.0,100.0,100,30.0,Fire,Normal
146,Shoot,Triple Boost,SP,Co-Op 3P,90.0,100.0,100,30.0,Fire,Long Shoot
FB,Shoot,Gaia Break,SP,Co-Op 3P,90.0,100.0,100,30.0,Earth,Normal
144,Shoot,Dragon Slayer,Lv. 3,Lv. 3,90.0,100.0,100,50.0,Wood,Chain
15B,Shoot,Black Ash,Lv. 3,Lv. 3,90.0,100.0,100,50.0,Wood,Normal
187,Shoot,Gamma Strike,Lv. 3,Lv. 3,90.0,100.0,100,50.0,Wood,Normal
10E,Shoot,God Knows,Lv. 3,Lv. 3,90.0,100.0,100,50.0,Wind,Normal
162,Shoot,White Hurricane,Lv. 3,Lv. 3,90.0,100.0,100,50.0,Wind,Block
1AF,Shoot,Dragon Blaster,Lv. 3,Lv. 3,90.0,100.0,100,50.0,Wind,Chain
1B5,Shoot,Panther Blizzard,Lv. 3,Lv. 3,90.0,100.0,100,50.0,Wind,Chain
F4,Shoot,Wolf Legend,Lv. 3,Lv. 3,90.0,100.0,100,50.0,Wind,Long Shoot
F5,Shoot,Excalibur,Lv. 3,Lv. 3,90.0,100.0,100,50.0,Wind,Long Shoot
13C,Shoot,Devil Burst,Lv. 3,Lv. 3,90.0,100.0,100,50.0,Fire,Normal
14A,Shoot,Bakunetsu Screw,Lv. 3,Lv. 3,90.0,100.0,100,50.0,Fire,Chain
186,Shoot,Gunshot,Lv. 3,Lv. 3,90.0,100.0,100,50.0,Fire,Normal
1A2,Shoot,Double Jaw,Lv. 3,Lv. 3,90.0,100.0,100,50.0,Fire,Chain
ED,Shoot,X Blast,Lv. 3,Lv. 3,90.0,100.0,100,50.0,Fire,Normal
1A5,Shoot,Disaster Break,Lv. 3,Lv. 3,90.0,100.0,100,50.0,Earth,Normal
134,Shoot,Death Spear,Lv. 3,Lv. 3,90.0,100.0,100,60.0,Wood,Long Shoot
F6,Shoot,Extend Zone,Lv. 3,Lv. 3,90.0,100.0,100,60.0,Wood,Chain
106,Shoot,Gungnir,Lv. 3,Lv. 3,90.0,100.0,100,60.0,Wind,Long Shoot
147,Shoot,Northern Impact,Lv. 3,Lv. 3,90.0,100.0,100,60.0,Wind,Chain
195,Shoot,God Wind,Lv. 3,Lv. 3,90.0,100.0,100,60.0,Wind,Normal
19D,Shoot,Sparkle Wave,Lv. 3,Lv. 3,90.0,100.0,100,60.0,Wind,Long Shoot
156,Shoot,Fuurinkazan Destroyer,Lv. 3,Lv. 3,100.0,110.0,110.0,60.0,Void,Chain
198,Shoot,Thousand Arrow,Lv. 3,Lv. 3,90.0,100.0,100,60.0,Void,Normal
13B,Shoot,Death Rain,Lv. 3,Lv. 3,90.0,100.0,100,60.0,Fire,Long Shoot
1D6,Shoot,Yakimochi Screw,Lv. 3,Lv. 3,90.0,100.0,100,60.0,Fire,Long Shoot
EF,Shoot,Atomic Flare,Lv. 3,Lv. 3,90.0,100.0,100,60.0,Fire,Block
13E,Shoot,Denrai Houtou,Lv. 3,Lv. 3,90.0,100.0,100,60.0,Earth,Normal
1B4,Shoot,Ballista Shot,Lv. 3,Lv. 3,90.0,100.0,100,60.0,Earth,Long Shoot
FF,Shoot,Gladius Arch,Lv. 3,Lv. 3,90.0,100.0,100,60.0,Earth,Long Shoot
107,Shoot,Koutei Penguin 1gou,Lv. 3,Lv. 3,90.0,100.0,100,80.0,Wood,Normal
171,Shoot,Revolution V,SP,Co-Op 2P,90.0,100.0,100,40.0,Wind,Normal
16E,Shoot,Universe Blast,SP,Co-Op 2P,80.0,90.0,90,40.0,Wood,Normal
116,Shoot,Thunder Beast,SP,Co-Op 2P,80.0,90.0,90,40.0,Wind,Normal
12E,Shoot,Tatsumaki Otoshi,SP,Co-Op 2P,80.0,90.0,90,40.0,Wind,Normal
177,Shoot,Wyvern Blizzard,SP,Co-Op 2P,80.0,90.0,90,40.0,Wind,Normal
131,Shoot,Twin Boost F,SP,Co-Op 2P,80.0,90.0,90,40.0,Fire,Normal
14C,Shoot,Butterfly Dream,SP,Co-Op 2P,80.0,90.0,90,40.0,Earth,Normal
139,Shoot,Death Drop,Lv. 2,MIX,80.0,90.0,90,50.0,Fire,Chain
194,Shoot,Kodai no Kiba,Lv. 2,MIX,80.0,90.0,90,50.0,Earth,Normal
16C,Shoot,Megalodon,Lv. 2,Lv. 2,80.0,90.0,90,50.0,Wind,Normal
141,Shoot,Dragon Cannon,Lv. 2,Lv. 2,80.0,90.0,90,50.0,Fire,Block
170,Shoot,Ryuusei Blade,Lv. 2,Lv. 2,80.0,90.0,90,50.0,Fire,Block
17E,Shoot,Ogre blade,Lv. 2,Lv. 2,80.0,90.0,90,50.0,Earth,Chain
1D1,Shoot,Floral Despair,Lv. 2,Lv. 2,80.0,90.0,90,50.0,Earth,Normal
15E,Shoot,Pegasus Shot,Lv. 2,Lv. 2,80.0,90.0,90,50.0,Wood,Chain
F0,Shoot,Inazuma 1gou,SP,Co-Op 2P,70.0,80.0,80,30.0,Wind,Normal
F2,Shoot,Inazuma Otoshi,SP,Co-Op 2P,70.0,80.0,80,30.0,Wind,Normal
130,Shoot,Twin Boost,SP,Co-Op 2P,70.0,80.0,80,30.0,Fire,Normal
145,Shoot,Dragon Tornado,SP,Co-Op 2P,70.0,80.0,80,30.0,Fire,Normal
161,Shoot,Honoo no Kazamidori,SP,Co-Op 2P,70.0,80.0,80,30.0,Fire,Long Shoot
108,Shoot,Koutei Penguin 2,SP,Co-Op 3P,70.0,80.0,80,20.0,Wood,Normal
109,Shoot,Koutei Penguin 2,SP,Co-Op 3P,70.0,80.0,80,20.0,Wood,Normal
129,Shoot,Dark Tornado Kai,Lv. 2,Lv. 2,70.0,80.0,80,40.0,Wood,Block
167,Shoot,Maboroshi Shot,Lv. 2,Lv. 2,70.0,80.0,80,40.0,Wood,Normal
168,Shoot,Mirage Shot,Lv. 2,Lv. 2,70.0,80.0,80,40.0,Wood,Chain
173,Shoot,Rose Splash V2,Lv. 2,Lv. 2,70.0,80.0,80,40.0,Wood,Chain
176,Shoot,Wyvern Crash,Lv. 2,Lv. 2,70.0,80.0,80,40.0,Wood,Normal
183,Shoot,Gauss Shot,Lv. 2,Lv. 2,70.0,80.0,80,40.0,Wood,Chain
1A3,Shoot,Double Shot,Lv. 2,Lv. 2,70.0,80.0,80,40.0,Void,Long Shoot
14B,Shoot,Bakunetsu Storm,Lv. 2,Lv. 2,70.0,80.0,80,40.0,Fire,Normal
14E,Shoot,Paladin Strike,Lv. 2,Lv. 2,70.0,80.0,80,40.0,Earth,Chain
143,Shoot,Dragon Crash Kai,Lv. 2,Lv. 2,60.0,70.0,70,30.0,Wood,Chain
152,Shoot,Fire Tornado Kai,Lv. 2,Lv. 2,60.0,70.0,70,30.0,Fire,Chain
157,Shoot,Fortissimo,Lv. 2,Lv. 2,60.0,70.0,70,40.0,Wood,Chain
EE,Shoot,Astro Break,Lv. 2,Lv. 2,60.0,70.0,70,40.0,Wood,Normal
FD,Shoot,Ganimede Proton,Lv. 2,Lv. 2,60.0,70.0,70,40.0,Wood,Block
10B,Shoot,Koutei Penguin 7,Lv. 2,Lv. 2,60.0,70.0,70,40.0,Wind,Long Shoot
110,Shoot,The Typhoon,Lv. 2,Lv. 2,60.0,70.0,70,40.0,Wind,Normal
127,Shoot,Sonic Shot V2,Lv. 2,Lv. 2,60.0,70.0,70,40.0,Wind,Normal
133,Shoot,Divine Arrow,Lv. 2,Lv. 2,60.0,70.0,70,40.0,Wind,Normal
1CF,Shoot,Plasma Ball,Lv. 2,Lv. 2,60.0,70.0,70,40.0,Wind,Long Shoot
1D0,Shoot,Plasma Ball,Lv. 2,Lv. 2,60.0,70.0,70,40.0,Wind,Long Shoot
F7,Shoot,Eternal Blizzard,Lv. 2,Lv. 2,60.0,70.0,70,40.0,Wind,Chain
F8,Shoot,Eternal Blizzard,Lv. 2,Lv. 2,60.0,70.0,70,40.0,Wind,Normal
12F,Shoot,Double Grenade,Lv. 2,Lv. 2,60.0,70.0,70,40.0,Fire,Chain
138,Shoot,Death Drop,Lv. 2,Lv. 2,60.0,70.0,70,40.0,Fire,Chain
1D8,Shoot,Love Arrow,Lv. 2,Lv. 2,60.0,70.0,70,40.0,Fire,Long Shoot
EC,Shoot,RC Shoot,Lv. 2,Lv. 2,60.0,70.0,70,40.0,Fire,Long Shoot
115,Shoot,Sidewinder V2,Lv. 2,Lv. 2,60.0,70.0,70,40.0,Earth,Chain
16F,Shoot,Reflect Buster,Lv. 2,Lv. 2,60.0,70.0,70,40.0,Earth,Normal
189,Shoot,Gigaton Head,Lv. 2,Lv. 2,60.0,70.0,70,40.0,Earth,Chain
16B,Shoot,Megane Crash,SP,Co-Op 2P,50.0,60.0,60,20.0,Earth,Normal
128,Shoot,Dark Tornado,Lv. 1,Lv. 1,50.0,60.0,60,30.0,Wood,Block
172,Shoot,Rose Splash,Lv. 1,Lv. 1,50.0,60.0,60,30.0,Wood,Chain
14D,Shoot,Back Tornado,Lv. 1,Lv. 1,50.0,60.0,60,30.0,Wind,Block
19E,Shoot,Spinning Transam,Lv. 1,Lv. 1,50.0,60.0,60,30.0,Wind,Normal
149,Shoot,Bound Flame,Lv. 1,Lv. 1,50.0,60.0,60,30.0,Fire,Normal
15F,Shoot,Head Bazooka,Lv. 1,Lv. 1,50.0,60.0,60,30.0,Fire,Block
12D,Shoot,Tiger Drive,Lv. 1,Lv. 1,50.0,60.0,60,30.0,Earth,Long Shoot
169,Shoot,Megaton Head,Lv. 1,Lv. 1,50.0,60.0,60,30.0,Earth,Block
142,Shoot,Dragon Crash,Lv. 1,Lv. 1,40.0,50.0,50,20.0,Wood,Chain
155,Shoot,Phantom Shoot,Lv. 1,Lv. 1,40.0,50.0,50,20.0,Wood,Chain
121,Shoot,Spinning Shoot,Lv. 1,Lv. 1,40.0,50.0,50,20.0,Wind,Chain
151,Shoot,Fire Tornado,Lv. 1,Lv. 1,40.0,50.0,50,20.0,Fire,Chain
1B1,Shoot,Bouncer Rabbit,Lv. 1,Lv. 1,40.0,50.0,50,30.0,Wood,Normal
126,Shoot,Sonic Shot,Lv. 1,Lv. 1,40.0,50.0,50,30.0,Wind,Normal
1CE,Shoot,Flying Fish,Lv. 1,Lv. 1,40.0,50.0,50,30.0,Wind,Long Shoot
135,Shoot,Death Sword,Lv. 1,Lv. 1,40.0,50.0,50,30.0,Fire,Normal
114,Shoot,Sidewinder,Lv. 1,Lv. 1,40.0,50.0,50,30.0,Earth,Chain
159,Shoot,Buttobi Jump,Lv. 1,Lv. 1,40.0,50.0,50,30.0,Earth,Block
18C,Shoot,Kurukuru Head,Lv. 1,Lv. 1,40.0,50.0,50,30.0,Earth,Block
150,Shoot,Hyakuretsu Shoot,Lv. 1,Lv. 1,30.0,40.0,40,20.0,Wood,Chain
15D,Shoot,Freeze Shot,Lv. 1,Lv. 1,30.0,40.0,40,20.0,Wood,Normal
174,Shoot,Rolling Kick,Lv. 1,Lv. 1,30.0,40.0,40,20.0,Wood,Chain
103,Shoot,Cross Drive,Lv. 1,Lv. 1,30.0,40.0,40,20.0,Wind,Chain
11D,Shoot,Suisei Shoot,Lv. 1,Lv. 1,30.0,40.0,40,20.0,Wind,Long Shoot
120,Shoot,Spiral Shot,Lv. 1,Lv. 1,30.0,40.0,40,20.0,Wind,Normal
132,Shoot,Tsunami Boost,Lv. 1,Lv. 1,30.0,40.0,40,20.0,Wind,Long Shoot
166,Shoot,Mach Wind,Lv. 1,Lv. 1,30.0,40.0,40,20.0,Wind,Chain
102,Shoot,Grenade Shoot,Lv. 1,Lv. 1,30.0,40.0,40,20.0,Fire,Normal
,,,,,,,,,,
D5,Dribble,Olympus Harmony (Armed),Lv. 3,Armed,100.0,110.0,110,50.0,Wood,Normal
DB,Dribble,Spark Edge Dribble (Armed),Lv. 3,Armed,100.0,110.0,110,50.0,Fire,Normal
DE,Dribble,Dancing Ghost,Lv. 3,Keshin,100.0,110.0,110,60.0,Wood,Normal
C6,Dribble,Pegasus Break,Lv. 3,Keshin,100.0,110.0,110,60.0,Wind,Normal
D3,Dribble,Overdrive,Lv. 3,Keshin,100.0,110.0,110,60.0,Wind,Normal
DD,Dribble,Tsumuji no Yaiba,Lv. 3,Keshin,100.0,110.0,110,60.0,Wind,Normal
C8,Dribble,Machinegun Beat,Lv. 3,Keshin,100.0,110.0,110,60.0,Fire,Normal
E5,Dribble,Machinegun Beat,Lv. 3,Keshin,100.0,110.0,110,60.0,Fire,Normal
E6,Dribble,Machinegun Beat,Lv. 3,Keshin,100.0,110.0,110,60.0,Fire,Normal
D9,Dribble,Scratch Raid,Lv. 3,Keshin,100.0,110.0,110,60.0,Earth,Normal
D2,Dribble,Ou no Tsurugi,Lv. 3,MIX,90.0,100.0,100,50.0,Earth,Normal
9C,Dribble,Sprint Warp (Mixi-Max),Lv. 3,MIX,90.0,100.0,100,60.0,Void,Normal
D7,Dribble,Kuroshio Ride,Lv. 3,MIX,90.0,100.0,100,50.0,Earth,Normal
AF,Dribble,Judge Through 3,Lv. 3,Lv. 3 (Co-Op 2P),90.0,100.0,100,40.0,Fire,Normal
A7,Dribble,Killer Fields,Lv. 3,Lv. 3 (Co-Op 2P),90.0,100.0,100,30.0,Wood,Normal
E8,Dribble,Muei Souha,Lv. 3,Lv. 3 (Co-Op 3P),90.0,100.0,100,30.0,Void,Normal
B9,Dribble,Devil Ball,Lv. 3,Lv. 3,90.0,100.0,100,50.0,Wood,Normal
A5,Dribble,Angel Ball,Lv. 3,Lv. 3,90.0,100.0,100,50.0,Wind,Normal
D1,Dribble,Air Ride,Lv. 3,Lv. 3,90.0,100.0,100,40.0,Wind,Normal
DF,Dribble,Decoy Release,Lv. 3,Lv. 3,90.0,100.0,100,40.0,Void,Normal
B0,Dribble,Super Elastico,Lv. 3,Lv. 3,90.0,100.0,100,40.0,Earth,Normal
AA,Dribble,The Ikaros,Lv. 3,Lv. 3 (Co-Op 2P),80.0,90.0,90,40.0,Fire,Normal
D6,Dribble,Kazaana Drive,Lv. 3,Lv. 3,80.0,90.0,90,40.0,Wind,Normal
C1,Dribble,Britannia Cross,Lv. 3,Lv. 3,80.0,90.0,90,40.0,Fire,Normal
A6,Dribble,Olympus Harmony,Lv. 3,Lv. 3,80.0,90.0,90,50.0,Wood,Normal
CC,Dribble,Melody Wave,Lv. 3,Lv. 3,80.0,90.0,90,50.0,Wood,Normal
B2,Dribble,Sprint Warp,Lv. 3,Lv. 3,80.0,90.0,90,50.0,Void,Normal
D4,Dribble,All Delete,Lv. 3,Lv. 3,80.0,90.0,90,50.0,Void,Normal
AE,Dribble,Judge Through 2,Lv. 3,Lv. 3,80.0,90.0,90,50.0,Fire,Normal
E1,Dribble,Bungee Thust,Lv. 3,Lv. 3,80.0,90.0,90,50.0,Fire,Normal
E9,Dribble,Round Spark,Lv. 3,Lv. 3,80.0,90.0,90,50.0,Fire,Normal
B1,Dribble,Sky Walk,Lv. 3,Lv. 3,80.0,90.0,90,50.0,Earth,Normal
BC,Dribble,Noboriryuu,Lv. 3,Lv. 3,80.0,90.0,90,50.0,Earth,Normal
A0,Dribble,Aikido,Lv. 2,Lv. 2,70.0,80.0,80,30.0,Wind,Normal
A4,Dribble,Echo Ball,Lv. 2,Lv. 2,70.0,80.0,80,40.0,Wood,Normal
A3,Dribble,Water Veil,Lv. 2,Lv. 2,70.0,80.0,80,40.0,Wind,Normal
CE,Dribble,Lightning Accel,Lv. 2,Lv. 2,70.0,80.0,80,40.0,Fire,Normal
BE,Dribble,Fuujin no Mai,Lv. 2,Lv. 2,70.0,80.0,80,40.0,Wind,Normal
BF,Dribble,Fuujin no Mai,Lv. 2,Lv. 2,70.0,80.0,80,40.0,Wind,Normal
C7,Dribble,Heaven's Time,Lv. 2,Lv. 2,70.0,80.0,80,40.0,Wind,Normal
CD,Dribble,Liar Shot,Lv. 2,Lv. 2,70.0,80.0,80,40.0,Fire,Normal
C3,Dribble,Flame Veil,Lv. 2,Lv. 2,70.0,80.0,80,40.0,Fire,Normal
DA,Dribble,Spark Edge Dribble,Lv. 2,Lv. 2,70.0,80.0,80,40.0,Fire,Normal
C9,Dribble,Matador Feint,Lv. 2,Lv. 2,60.0,70.0,70,30.0,Wood,Normal
B6,Dribble,Dash Storm,Lv. 2,Lv. 2,60.0,70.0,70,40.0,Wind,Normal
A8,Dribble,Claymore,Lv. 2,Lv. 2,60.0,70.0,70,30.0,Earth,Normal
E4,Dribble,White Blade,Lv. 2,Lv. 2,60.0,70.0,70,30.0,Wind,Normal
C5,Dribble,Bunshin Feint,Lv. 2,Lv. 2,50.0,60.0,60,30.0,Wood,Normal
D8,Dribble,Zigzag Spark,Lv. 2,Lv. 2,50.0,60.0,60,30.0,Wind,Normal
D0,Dribble,Aggressive Beat,Lv. 2,Lv. 2,50.0,60.0,60,30.0,Fire,Normal
A1,Dribble,Acrobat Keep,Lv. 2,Lv. 2,50.0,60.0,60,30.0,Earth,Normal
A2,Dribble,Illusion Ball,Lv. 1,Lv. 1,40.0,50.0,50,30.0,Wood,Normal
C4,Dribble,Presto Turn,Lv. 1,Lv. 1,40.0,50.0,50,30.0,Wood,Normal
CA,Dribble,Maboroshi Dribble,Lv. 1,Lv. 1,40.0,50.0,50,30.0,Wood,Normal
EA,Dribble,Linear Drive,Lv. 1,Lv. 1,40.0,50.0,50,30.0,Wood,Normal
DC,Dribble,Spinning Upper,Lv. 1,Lv. 1,40.0,50.0,50,30.0,Wind,Normal
BB,Dribble,Naraku Otoshi,Lv. 1,Lv. 1,40.0,50.0,50,30.0,Fire,Normal
CB,Dribble,Meteor Shower,Lv. 1,Lv. 1,40.0,50.0,50,30.0,Fire,Normal
E0,Dribble,Burning Summer,Lv. 1,Lv. 1,40.0,50.0,50,30.0,Fire,Normal
AB,Dribble,Scissors Bomb,Lv. 1,Lv. 1,40.0,50.0,50,30.0,Earth,Normal
C2,Dribble,Prima Donna,Lv. 1,Lv. 1,40.0,50.0,50,30.0,Earth,Normal
B4,Dribble,Soyokaze Step,Lv. 1,Lv. 1,30.0,40.0,40,20.0,Wind,Normal
C0,Dribble,Fuusen Gum,Lv. 1,Lv. 1,30.0,40.0,40,20.0,Fire,Normal
E3,Dribble,Boomerang Feint,Lv. 1,Lv. 1,30.0,40.0,40,20.0,Earth,Normal
A9,Dribble,Zanzou,Lv. 1,Lv. 1,30.0,40.0,40,30.0,Wood,Normal
CF,Dribble,Warp Drive,Lv. 1,Lv. 1,30.0,40.0,40,30.0,Wood,Normal
B3,Dribble,Zeroyon,Lv. 1,Lv. 1,30.0,40.0,40,30.0,Wind,Normal
BA,Dribble,Naminori Pierrot,Lv. 1,Lv. 1,30.0,40.0,40,30.0,Wind,Normal
BD,Dribble,Heat Tackle,Lv. 1,Lv. 1,30.0,40.0,40,30.0,Fire,Normal
AC,Dribble,Shippuu Dash,Lv. 1,Lv. 1,20.0,30.0,30,20.0,Wind,Normal
AD,Dribble,Shippuu Dash,Lv. 1,Lv. 1,20.0,30.0,30,20.0,Wind,Normal
B7,Dribble,Tatsumaki Senpuu,Lv. 1,Lv. 1,20.0,30.0,30,20.0,Wind,Normal
B8,Dribble,Tamanori Piero,Lv. 1,Lv. 1,20.0,30.0,30,20.0,Wind,Normal
E2,Dribble,Hitori One-Two,Lv. 1,Lv. 1,20.0,30.0,30,20.0,Fire,Normal
E7,Dribble,Mad Juggler,Lv. 1,Lv. 1,20.0,30.0,30,20.0,Fire,Normal
B5,Dribble,Dash Accel,Lv. 1,Lv. 1,20.0,30.0,30,20.0,Earth,Normal
,,,,,,,,,,
97,Catch,Buttobi Punch (Armed),Lv. 3,Armed,120.0,130.0,130,60.0,Earth,Punch 1
81,Catch,Mugen No Kabe,Lv. 3,Co-Op 3P,120.0,130.0,130,50.0,Earth,Normal
73,Catch,High Voltage,Lv. 3,Co-Op 3P,120.0,130.0,130,50.0,Wind,Punch 2
98,Catch,Buttobi Punch (Armed),Lv. 3,Armed,120.0,130.0,130,60.0,Earth,Punch 1
89,Catch,King Fire,Lv. 3,Keshin,110.0,120.0,120,60.0,Fire,Normal
8A,Catch,King Fire,Lv. 3,Keshin,110.0,120.0,120,60.0,Fire,Normal
5D,Catch,Great The Hand,Lv. 3,Keshin,110.0,120.0,120,60.0,Earth,Normal
86,Catch,Gigantic Bomb,Lv. 3,Keshin,110.0,120.0,120,60.0,Earth,Normal
87,Catch,Gigantic Bomb,Lv. 3,Keshin,110.0,120.0,120,60.0,Earth,Normal
99,Catch,Majin The Hand (Keshin),Lv. 3,Keshin,110.0,120.0,120,60.0,Earth,Normal
9A,Catch,Majin The Hand (Keshin),Lv. 3,Keshin,110.0,120.0,120,60.0,Earth,Normal
91,Catch,Taikoku Ouka,Lv. 3,MIX,110.0,120.0,120,60.0,Earth,Normal
6D,Catch,Dual Smash,Lv. 3,Co-Op 2P,110.0,120.0,120,50.0,Wood,Normal
7C,Catch,Maou The Hand,Lv. 3,Lv. 3,110.0,120.0,120,60.0,Wood,Normal
5E,Catch,God Catch,Lv. 3,Lv. 3,110.0,120.0,120,60.0,Earth,Normal
6B,Catch,Tamashii The Hand,Lv. 3,Lv. 3,110.0,120.0,120.0,60.0,Fire,Normal
61,Catch,God Hand V,Lv. 3,Lv. 3,100.0,110.0,110,50.0,Earth,Normal
5A,Catch,Omega The Hand,Lv. 3,Lv. 3,100.0,110.0,110,60.0,Earth,Normal
79,Catch,Burai Hand,Lv. 3,Lv. 3,100.0,110.0,110,50.0,Fire,Normal
8C,Catch,God Hand W,Lv. 3,Lv. 3,100.0,110.0,110,50.0,Earth,Normal
67,Catch,Jikuu no Kabe,Lv. 3,Lv. 3,100.0,110.0,110.0,50.0,Wind,Punch 2
8E,Catch,Shining Hole,Lv. 3,Lv. 3,100.0,110.0,110,50.0,Wind,Normal
92,Catch,Destiny Cloud,Lv. 3,Lv. 3,100.0,110.0,110,50.0,Wood,Normal
66,Catch,The End,Lv. 3,Lv. 3,100.0,110.0,110,40.0,Wood,Normal
95,Catch,Big Spider,Lv. 3,Lv. 3,90.0,100.0,100,40.0,Wood,Normal
85,Catch,Counter Drive,Lv. 3,Lv. 3,90.0,100.0,100,40.0,Fire,Normal
8D,Catch,Sand Cutter,Lv. 3,Lv. 3,90.0,100.0,100,40.0,Fire,Normal
65,Catch,Serpent Fang,Lv. 3,Lv. 3,90.0,100.0,100,40.0,Earth,Normal
80,Catch,Mugen The Hand,Lv. 3,Lv. 3,90.0,100.0,100,50.0,Wood,Normal
8B,Catch,Gravity Point,Lv. 3,Lv. 3,90.0,100.0,100,50.0,Wood,Normal
72,Catch,Burn Out V2,Lv. 3,Lv. 3,90.0,100.0,100,50.0,Fire,Normal
5B,Catch,Gigant Wall,Lv. 3,Lv. 3,90.0,100.0,100,50.0,Earth,Normal
6F,Catch,Drill Smasher V2,Lv. 3,Lv. 3,90.0,100.0,100,60.0,Fire,Punch 1
64,Catch,Colosseo Guard Kai,Lv. 3,Lv. 3,80.0,90.0,90,40.0,Earth,Punch 1
58,Catch,Ijigen The Hand,Lv. 3,Lv. 3,80.0,90.0,90,50.0,Wood,Normal
8F,Catch,Gyro Saving,Lv. 3,Lv. 3,80.0,90.0,90,50.0,Wood,Normal
7E,Catch,Shin Majin The Hand,Lv. 3,Lv. 3,80.0,90.0,90,50.0,Earth,Normal
84,Catch,Excellent Brest Kai,Lv. 3,Lv. 3,80.0,90.0,90,50.0,Earth,Normal
77,Catch,Beast Fang,Lv. 3,Lv. 3,80.0,90.0,90,60.0,Fire,Normal
5C,Catch,Crystal Barrier,Lv. 2,Lv. 2,70.0,80.0,80,30.0,Wind,Normal
75,Catch,Hanafubuki Kai,Lv. 2,Lv. 2,70.0,80.0,80,30.0,Wind,Normal
90,Catch,Shoot Break,Lv. 2,Lv. 2,70.0,80.0,80,30.0,Fire,Normal
59,Catch,Electric Trap,Lv. 2,Lv. 2,70.0,80.0,80,40.0,Wind,Normal
69,Catch,Seigi No Tekken,Lv. 2,Lv. 2,70.0,80.0,80,40.0,Wind,Punch 2
7B,Catch,Procyon Net,Lv. 2,Lv. 2,70.0,80.0,80,40.0,Wind,Normal
6A,Catch,Double Rocket,Lv. 2,Lv. 2,70.0,80.0,80,40.0,Fire,Punch 1
57,Catch,Ikari no Tettsui,Lv. 2,Lv. 2,70.0,80.0,80,40.0,Earth,Normal
78,Catch,Fence of Gaia,Lv. 2,Lv. 2,70.0,80.0,80,40.0,Earth,Punch 1
7F,Catch,Majin The Hand (Tachimukai),Lv. 2,Lv. 2,60.0,70.0,70,30.0,Wood,Normal
6C,Catch,Tsunami Wall,Lv. 2,Lv. 2,60.0,70.0,70,30.0,Wind,Punch 2
63,Catch,Colosseo Guard,Lv. 2,Lv. 2,60.0,70.0,70,30.0,Earth,Punch 1
93,Catch,Doon Shout,Lv. 2,Lv. 2,60.0,70.0,70,40.0,Wood,Normal
62,Catch,God Hand X,Lv. 2,Lv. 2,60.0,70.0,70,40.0,Fire,Normal
6E,Catch,Drill Smasher,Lv. 2,Lv. 2,60.0,70.0,70,40.0,Fire,Punch 1
71,Catch,Burn Out,Lv. 2,Lv. 2,60.0,70.0,70,40.0,Fire,Normal
83,Catch,Excellent Brest,Lv. 2,Lv. 2,60.0,70.0,70,40.0,Earth,Normal
7D,Catch,Majin The Hand,Lv. 2,Lv. 2,50.0,60.0,60,30.0,Earth,Normal
96,Catch,Buttobi Punch,Lv. 2,Lv. 2,50.0,60.0,60,30.0,Earth,Punch 1
7A,Catch,Full Power Shield,Lv. 2,Lv. 2,50.0,60.0,60,40.0,Fire,Punch 1
60,Catch,God Hand (Tachimukai),Lv. 1,Lv. 1,40.0,50.0,50,20.0,Wood,Normal
88,Catch,Killer Blade,Lv. 1,Lv. 1,40.0,50.0,50,20.0,Wood,Normal
74,Catch,Hanafubuki,Lv. 1,Lv. 1,40.0,50.0,50,20.0,Wind,Normal
68,Catch,Shoot Pocket,Lv. 1,Lv. 1,40.0,50.0,50,30.0,Wood,Normal
82,Catch,Worm Hole,Lv. 1,Lv. 1,40.0,50.0,50,30.0,Wood,Normal
70,Catch,Burning Catch,Lv. 1,Lv. 1,40.0,50.0,50,30.0,Fire,Normal
76,Catch,Power Shield,Lv. 1,Lv. 1,40.0,50.0,50,30.0,Fire,Punch 1
94,Catch,Power Spike,Lv. 1,Lv. 1,40.0,50.0,50,30.0,Fire,Normal
5F,Catch,God Hand,Lv. 1,Lv. 1,30.0,40.0,40,20.0,Earth,Normal
,,,,,,,,,,
44,Block,Deep Mist (Armed),Lv. 3,Armed,90.0,100.0,100,70.0,Wood,Block
51,Block,Mochi Mochi Kinako Mochi (Armed),Lv. 3,Armed,90.0,100.0,100,70.0,Fire,Block
24,Block,Dark Space,Lv. 3,Keshin,90.0,100.0,100,70.0,Wood,Normal
3A,Block,Valkyrie Flag,Lv. 3,Keshin,90.0,100.0,100,70.0,Wood,Normal
45,Block,Dragon Storm,Lv. 3,Keshin,90.0,100.0,100,70.0,Wind,Normal
46,Block,Dragon Storm,Lv. 3,Keshin,90.0,100.0,100,70.0,Wind,Normal
48,Block,Hunting Lance,Lv. 3,Keshin,90.0,100.0,100,70.0,Wind,Normal
1E,Block,Strong Tower,Lv. 3,Keshin,90.0,100.0,100,70.0,Earth,Normal
43,Block,Deep Jungle,Lv. 3,Lv. 3 (Co-Op 3P),90.0,100.0,100,40.0,Wood,Block
54,Block,Wonder Trap (Armed),Lv. 3,Armed,90.0,100.0,100,60.0,Wind,Normal
2B,Block,Perfect Tower,Lv. 3,Lv. 3 (Co-Op 3P),90.0,100.0,100,40.0,Wind,Block
3D,Block,Kira Kira Illusion,Lv. 3,MIX,80.0,90.0,90,60.0,Wood,Normal
3F,Block,Kodai No Tsubasa,Lv. 3,MIX,80.0,90.0,90,60.0,Wind,Normal
52,Block,La Flamme,Lv. 3,MIX,80.0,90.0,90,60.0,Fire,Block
1A,Block,Shooting Star,Lv. 3,Lv. 3 (Co-Op 2P),80.0,90.0,90,50.0,Fire,Block
12,Block,Go To Hell,Lv. 3,Lv. 3,80.0,90.0,90,50.0,Wood,Normal
27,Block,Dimension Cut,Lv. 3,Lv. 3,80.0,90.0,90,50.0,Wood,Normal
34,Block,Bushin Defense,Lv. 3,Lv. 3,80.0,90.0,90,50.0,Wood,Normal
1B,Block,Shinkuuma,Lv. 3,Lv. 3,80.0,90.0,90,50.0,Wind,Block
11,Block,Go To Heaven,Lv. 3,Lv. 3,80.0,90.0,90,50.0,Wind,Normal
47,Block,Vanishing Cut,Lv. 3,Lv. 3,80.0,90.0,90,50.0,Void,Normal
D,Block,Crazy Sunlight,Lv. 3,Lv. 3,80.0,90.0,90,50.0,Fire,Normal
E,Block,Crazy Sunlight,Lv. 3,Lv. 3,80.0,90.0,90,50.0,Fire,Normal
F,Block,Crazy Sunlight,Lv. 3,Lv. 3,80.0,90.0,90,50.0,Fire,Normal
4F,Block,Magical Flower,Lv. 3,Lv. 3,80.0,90.0,90,50.0,Earth,Normal
26,Block,Deep Mist,Lv. 3,Lv. 3,80.0,90.0,90,60.0,Wood,Block
2D,Block,Hunter's Net,Lv. 3,Lv. 3,80.0,90.0,90,60.0,Wood,Block
3B,Block,Air Bullet,Lv. 3,Lv. 3,80.0,90.0,90,60.0,Wind,Block
38,Block,Asterisk Rock,Lv. 3,Lv. 3,80.0,90.0,90,60.0,Fire,Block
50,Block,Mochi Mochi Kinako Mochi,Lv. 3,Lv. 3,80.0,90.0,90,60.0,Fire,Block
16,Block,The Mountain,Lv. 3,Lv. 3,80.0,90.0,90,60.0,Earth,Block
4,Block,Atlantis Wall,Lv. 3,Lv. 3,80.0,90.0,90,60.0,Earth,Block
C,Block,Ground Quake,Lv. 3,Lv. 3,80.0,90.0,90,60.0,Earth,Block
1C,Block,Shinkuuma (Mixi-Max),Lv. 3,MIX,70.0,80.0,80.0,20.0,Wind,Block
40,Block,Sargasso,Lv. 2,Lv. 2 (Co-Op 2P),70.0,80.0,80,40.0,Wind,Normal
49,Block,Big Scissors,Lv. 2,Lv. 2 (Co-Op 2P),70.0,80.0,80,40.0,Fire,Normal
33,Block,Block Circus,Lv. 2,Lv. 2 (Co-Op 2P),70.0,80.0,80,40.0,Earth,Normal
4C,Block,Fractal House,Lv. 2,Lv. 2 (Co-Op 3P),70.0,80.0,80,40.0,Earth,Normal
39,Block,Ichiyajou,Lv. 2,Lv. 2 (Co-Op 3P),70.0,80.0,80,50.0,Fire,Block
6,Block,Kattobi Defense,Lv. 2,Lv. 2,70.0,80.0,80,50.0,Earth,Block
28,Block,Demon Cut,Lv. 2,Lv. 2,70.0,80.0,80,60.0,Wood,Block
2A,Block,Barbarian No Tate,Lv. 2,Lv. 2,70.0,80.0,80,60.0,Earth,Block
1F,Block,Snow Angel,Lv. 2,Lv. 2,60.0,70.0,70,40.0,Wind,Normal
32,Block,Frozen Steal,Lv. 2,Lv. 2,60.0,70.0,70,40.0,Wind,Normal
42,Block,Screwdriver,Lv. 2,Lv. 2,60.0,70.0,70,40.0,Fire,Normal
5,Block,Ignite Steal,Lv. 2,Lv. 2,60.0,70.0,70,40.0,Fire,Normal
4D,Block,Magnet Draw,Lv. 2,Lv. 2,60.0,70.0,70,50.0,Wood,Normal
4E,Block,Magnet Draw,Lv. 2,Lv. 2,60.0,70.0,70,50.0,Wood,Normal
22,Block,Senpuujin,Lv. 2,Lv. 2,60.0,70.0,70,50.0,Wind,Block
23,Block,Senpuujin,Lv. 2,Lv. 2,60.0,70.0,70,50.0,Wind,Block
2,Block,Iron Wall,Lv. 2,Lv. 2,60.0,70.0,70,50.0,Earth,Block
17,Block,The Mist,Lv. 2,Lv. 2,50.0,60.0,60,40.0,Wood,Normal
53,Block,Wonder Trap,Lv. 2,Lv. 2,50.0,60.0,60,40.0,Wind,Normal
37,Block,Rolling slide,Lv. 2,Lv. 2,50.0,60.0,60,40.0,Fire,Normal
36,Block,Megaquake,Lv. 2,Lv. 2,50.0,60.0,60,40.0,Earth,Normal
15,Block,The Tower,Lv. 2,Lv. 2,50.0,60.0,60,50.0,Wind,Block
19,Block,Sabaki No Tetsui,Lv. 2,Lv. 2,50.0,60.0,60,50.0,Fire,Block
35,Block,Volcano Cut,Lv. 2,Lv. 2,50.0,60.0,60,50.0,Fire,Block
4B,Block,Heavy Baby,Lv. 2,Lv. 2,50.0,60.0,60,50.0,Earth,Block
3C,Block,Kagenui,Lv. 1,Lv. 1,40.0,50.0,50,30.0,Wood,Normal
3E,Block,Coil Upper,Lv. 1,Lv. 1,40.0,50.0,50,40.0,Wood,Normal
A,Block,Good Smell,Lv. 1,Lv. 1,40.0,50.0,50,40.0,Wood,Normal
29,Block,Desert Storm,Lv. 1,Lv. 1,40.0,50.0,50,40.0,Wind,Normal
31,Block,Flame Dance,Lv. 1,Lv. 1,40.0,50.0,50,40.0,Fire,Normal
1,Block,Earthquake,Lv. 1,Lv. 1,40.0,50.0,50,40.0,Earth,Normal
2C,Block,Power Charge,Lv. 1,Lv. 1,40.0,50.0,50,40.0,Earth,Normal
21,Block,Spinning Cut,Lv. 1,Lv. 1,40.0,50.0,50,50.0,Wind,Block
1D,Block,Super Shikofumi,Lv. 1,Lv. 1,40.0,50.0,50,50.0,Fire,Block
13,Block,The Wall,Lv. 1,Lv. 1,40.0,50.0,50,50.0,Earth,Block
14,Block,The Wall,Lv. 1,Lv. 1,40.0,50.0,50,50.0,Earth,Block
2E,Block,Viva ! Banri No Choujo,Lv. 1,Lv. 1,40.0,50.0,50,50.0,Earth,Block
B,Block,Gravitation,Lv. 1,Lv. 1,40.0,50.0,50,50.0,Earth,Block
18,Block,Cyclone,Lv. 1,Lv. 1,30.0,40.0,40,30.0,Wind,Normal
20,Block,Spiral Draw,Lv. 1,Lv. 1,30.0,40.0,40,30.0,Wind,Normal
3,Block,Ice Ground,Lv. 1,Lv. 1,30.0,40.0,40,30.0,Wind,Normal
4A,Block,Blade Attack,Lv. 1,Lv. 1,30.0,40.0,40,30.0,Wind,Normal
8,Block,Killer Whale,Lv. 1,Lv. 1,30.0,40.0,40,30.0,Wind,Normal
25,Block,Dash Train,Lv. 1,Lv. 1,30.0,40.0,40,30.0,Fire,Normal
2F,Block,Fake Bomber,Lv. 1,Lv. 1,30.0,40.0,40,30.0,Fire,Normal
30,Block,Photon Flash,Lv. 1,Lv. 1,30.0,40.0,40,30.0,Fire,Normal
41,Block,Thief Eye,Lv. 1,Lv. 1,20.0,30.0,30,30.0,Wood,Normal
7,Block,Killer Slide,Lv. 1,Lv. 1,20.0,30.0,30,30.0,Wood,Normal
9,Block,Quick Draw,Lv. 1,Lv. 1,20.0,30.0,30,30.0,Wood,Normal
10,Block,Coil Turn,Lv. 1,Lv. 1,20.0,30.0,30,30.0,Wind,Normal
,,,,,,,,,,
EB,,Miximax Transformation,SP,SP,120.0,130.0,130,0.0,Undef,Normal
9B,,Taikoku Ouka (Transformation),SP,MIX,100.0,110.0,110,20.0,Earth,Normal
55,,Normal catch,Lv. 1,Lv. 1,0.0,10.0,10,0.0,Undef,Normal
56,,Normal catch,Lv. 1,Lv. 1,0.0,10.0,10,0.0,Undef,Normal
9D,,Sprint Warp (Mixi-Max),Lv. 3,Lv. 3,90.0,100.0,100.0,50.0,Void,Normal
9E,,Miximax Transformation (SARU),SP,SP,120.0,130.0,130,0.0,Undef,Normal
9F,,Gamma Strike (Mixi-Max),Lv. 3,Lv. 3,100.0,100.0,110.0,60.0,Wood,Long Shoot
