Name,Japanese Name,Element,Power,Tension,Type,Sub-Type,Shop 1,Shop 2,Duration (s)
Chaos Break,カオスブレイク,林 (Forest),100.0,100,Shoot,,Spirit Market,,7.14
Grand Fenrir,グランフェンリル,林 (Forest),85.0,80,Shoot,,Spirit Market,,9.59
Jet Stream,ジェットストリーム,山 (Mountain),100.0,100,Shoot,Long Shoot,Spirit Market,,9.93
Emperor Penguin No. 3,皇帝ペンギン３号,林 (Forest),100.0,100,Shoot,,Spirit Market,,8.14
Doom Break,デスブレイク,山 (Mountain),100.0,100,Shoot,,Spirit Market,,8.16
Fire Tornado DD,ファイアトルネードＤＤ,火 (Fire),85.0,80,Shoot,,Spirit Market,,5.87
Omega Assault,オメガアタック,無 (Void),100.0,100,Shoot,,Spirit Market,,8.52
Shell Burst,シェルビットバースト,無 (Void),85.0,80,Shoot,Long Shoot,Spirit Market,,5.69
Disaster Strike,ディザスターブレイク,山 (Mountain),70.0,70,Shoot,,Spirit Market,,5.56
The Dawn,ザ・バース,風 (Wind),85.0,80,Shoot,,Spirit Market,,7.39
Supernova,スーパーノヴァ,林 (Forest),100.0,100,Shoot,,Spirit Market,,12.62
Big Bang,ビッグバン,火 (Fire),100.0,100,Shoot,,Spirit Market,,10.01
The Earth,ジ・アース,山 (Mountain),100.0,100,Shoot,,Spirit Market,,11.85
Prime Legend,プライムレジェンド,風 (Wind),100.0,100,Shoot,,Spirit Market,,8.84
Field of Force,キラーフィールズ,林 (Forest),85.0,80,Offense,,Spirit Market,,6.22
Temporal Wall,時空の壁,風 (Wind),85.0,80,Keep,,Spirit Market,,7.84
Fiend Hand,魔王・ザ・ハンド,林 (Forest),100.0,100,Keep,,Spirit Market,,7.69
Soul Hand,タマシイ・ザ・ハンド,火 (Fire),100.0,100,Keep,,Spirit Market,,7.43
God Catch,ゴッドキャッチ,山 (Mountain),100.0,100,Keep,,Spirit Market,,6.11
Final Death Zone,,林 (Forest),100.0,100.0,Shoot,,Spirit Market,,
Scream of Eden,,林 (Forest),100.0,100.0,Shoot,,Spirit Market,,
The Earth: Infinity,,山 (Mountain),100.0,100.0,Shoot,,Spirit Market,,
Black Dawn,,風 (Wind),100.0,100.0,Shoot,,Spirit Market,,
Twister Tornado,,風 (Wind),100.0,100.0,Shoot,Counter Shoot,Spirit Market,,
Verdure Vortex,,林 (Forest),100.0,100.0,Offense,,Spirit Market,,
We Have Liftoff!,,林 (Forest),100.0,100.0,Keep,,Spirit Market,,
Royal Lancer,,山 (Mountain),100.0,100.0,Shoot,Long Shoot,Spirit Market,,
Flying Colours,,風 (Wind),85.0,80.0,Shoot,,Spirit Market,,
Inazuma Drop,イナズマ落とし,風 (Wind),70.0,70,Shoot,Counter Shoot,Chronicle Department Store,,5.49
Twin Boost,ツインブースト,火 (Fire),70.0,70,Shoot,,Chronicle Department Store,,6.46
Fire Tornado,ファイアトルネード,火 (Fire),60.0,60,Shoot,,Chronicle Department Store,,4.36
Inazuma-1,イナズマ１号,風 (Wind),70.0,70,Shoot,Counter Shoot,Chronicle Department Store,,4.07
Dragon Crash,ドラゴンクラッシュ,林 (Forest),50.0,50,Shoot,,Chronicle Department Store,,4.37
Death Zone,デスゾーン,林 (Forest),70.0,70,Shoot,,Chronicle Department Store,,10.55
Triangle Z,トライアングルＺ,火 (Fire),70.0,70,Shoot,,Chronicle Department Store,,8.79
Utter Gutsiness Bat,ド根性バット,火 (Fire),60.0,60,Shoot,Counter Shoot,Chronicle Department Store,,4.37
God Knows,ゴッドノウズ,風 (Wind),70.0,70,Shoot,,Chronicle Department Store,,7.39
Dragon Tornado,ドラゴントルネード,火 (Fire),70.0,70,Shoot,,Chronicle Department Store,,8.36
Fire Rooster,炎の風見鶏,火 (Fire),60.0,60,Shoot,Long Shoot,Chronicle Department Store,,5.42
Inazuma Break,イナズマブレイク,風 (Wind),100.0,100,Shoot,,Chronicle Department Store,,10.55
Emperor Penguin No. 2,皇帝ペンギン２号,林 (Forest),85.0,80,Shoot,,Chronicle Department Store,,10.33
Eternal Blizzard,エターナルブリザード,風 (Wind),60.0,60,Shoot,,Chronicle Department Store,,6.13
Fireball Storm,爆熱ストーム,火 (Fire),70.0,70,Shoot,,Chronicle Department Store,,7.42
Tsunami Boost,ツナミブースト,風 (Wind),50.0,50,Shoot,Long Shoot,Chronicle Department Store,,7.63
Death Zone 2,デスゾーン２,林 (Forest),85.0,80,Shoot,,Chronicle Department Store,,11.35
Astro Break,アストロブレイク,林 (Forest),60.0,60,Shoot,,Chronicle Department Store,,5.43
Meteor Blade,流星ブレード,火 (Fire),70.0,70,Shoot,Counter Shoot,Chronicle Department Store,,6.19
Legendary Wolf,ウルフレジェンド,風 (Wind),70.0,70,Shoot,Long Shoot,Chronicle Department Store,,6.91
Emperor Penguin No. 1,皇帝ペンギン１号,林 (Forest),85.0,80,Shoot,,Chronicle Department Store,,9.66
Gungnir,グングニル,風 (Wind),60.0,60,Shoot,Long Shoot,Chronicle Department Store,,6.87
Tri-Pegasus,トライペガサス,風 (Wind),85.0,80,Shoot,,Chronicle Department Store,,8.78
Butterfly Trance,バタフライドリーム,山 (Mountain),60.0,60,Shoot,,Chronicle Department Store,,5.77
Spectacle Crash,メガネクラッシュ,山 (Mountain),50.0,50,Shoot,,Chronicle Department Store,,5.9
Twin Boost F,ツインブーストＦ,火 (Fire),85.0,80,Shoot,,Chronicle Department Store,,7.19
Wyvern Crash,ワイバーンクラッシュ,林 (Forest),60.0,60,Shoot,,Chronicle Department Store,,8.31
Wyvern Blizzard,ワイバーンブリザード,風 (Wind),70.0,70,Shoot,,Chronicle Department Store,,8.09
Dark Phoenix,ダークフェニックス,林 (Forest),100.0,100,Shoot,,Chronicle Department Store,,9.13
Megaton Head,メガトンヘッド,山 (Mountain),70.0,70,Shoot,Counter Shoot,Chronicle Department Store,,5.34
Excalibur,エクスカリバー,風 (Wind),60.0,60,Shoot,Long Shoot,Chronicle Department Store,,5.69
The Typhoon,ザ・タイフーン,風 (Wind),60.0,60,Shoot,,Chronicle Department Store,,6.07
Tiger Storm,タイガーストーム,火 (Fire),85.0,80,Shoot,,Chronicle Department Store,,7.84
Dragon Slayer,ドラゴンスレイヤー,林 (Forest),70.0,70,Shoot,,Chronicle Department Store,,6.37
Gladius Arch,グラディウスアーチ,山 (Mountain),70.0,70,Shoot,Long Shoot,Chronicle Department Store,,5.47
Odin Sword,オーディンソード,山 (Mountain),70.0,70,Shoot,,Chronicle Department Store,,5.62
The Hurricane,ザ・ハリケーン,風 (Wind),85.0,80,Shoot,,Chronicle Department Store,,7.71
Fireball Screw,爆熱スクリュー,火 (Fire),85.0,80,Shoot,,Chronicle Department Store,,6.05
X Blast,Ｘブラスト,火 (Fire),70.0,70,Shoot,,Chronicle Department Store,,6.22
Doom Spear,デススピアー,林 (Forest),60.0,60,Shoot,Long Shoot,Chronicle Department Store,,5.29
Zephyr Shot,マッハウィンド,風 (Wind),50.0,50,Shoot,,Chronicle Department Store,,6.51
Doomsword Slash,デスソード,火 (Fire),60.0,60,Shoot,,Chronicle Department Store,,4.81
Jumping Jack,ぶっとびジャンプ,山 (Mountain),50.0,50,Shoot,Counter Shoot,Chronicle Department Store,,5.6
Katana Kick,伝来宝刀,山 (Mountain),60.0,60,Shoot,,Chronicle Department Store,Magic Moves (Odaiba Branch),5.52
Triangle ZZ,トライアングルＺＺ,火 (Fire),85.0,80,Shoot,,Chronicle Department Store,,6.61
Fortissimo,フォルテシモ,林 (Forest),50.0,50,Shoot,,Chronicle Department Store,,5.12
Doom Dive Drive,デスドロップ,火 (Fire),70.0,70,Shoot,,Chronicle Department Store,,6.84
Sidewinder,サイドワインダー,山 (Mountain),50.0,50,Shoot,,Chronicle Department Store,Magic Moves (Odaiba Branch),5.32
Black Ash,ブラックアッシュ,林 (Forest),70.0,70,Shoot,,Chronicle Department Store,,7.16
Bouncing Bunny,バウンサーラビット,林 (Forest),60.0,60,Shoot,,Chronicle Department Store,,6.52
Fission and Fusion,ダブルショット,無 (Void),60.0,60,Shoot,Long Shoot,Chronicle Department Store,,4.74
Dragon Drive,ドラゴンブラスター,風 (Wind),70.0,70,Shoot,,Chronicle Department Store,,5.74
Splitting Hares,エクストリームラビット,山 (Mountain),70.0,70,Shoot,,Chronicle Department Store,,6.34
Atomic Spin,ガンマストライク,林 (Forest),70.0,70,Shoot,Long Shoot,Chronicle Department Store,,5.43
No Future,デッドフューチャー,火 (Fire),85.0,80,Shoot,,Chronicle Department Store,,7.89
Dough Ray Me,やきもちスクリュー,火 (Fire),70.0,70,Shoot,Long Shoot,Chronicle Department Store,,6.47
Flurry Dash,疾風ダッシュ,風 (Wind),60.0,60,Offense,,Chronicle Department Store,,3.42
Illusory Ball,イリュージョンボール,林 (Forest),60.0,60,Offense,,Chronicle Department Store,,4.76
Scorching Tackle,ヒートタックル,火 (Fire),60.0,60,Offense,,Chronicle Department Store,,5.36
Bewildered,五里霧中,山 (Mountain),50.0,50,Offense,,Chronicle Department Store,,5.32
Heaven's Time,ヘブンズタイム,風 (Wind),85.0,80,Offense,,Chronicle Department Store,,5.81
Lightning Bolt,ライトニングアクセル,火 (Fire),70.0,70,Offense,,Chronicle Department Store,,4.66
Southern Cross,サザンクロスカット,林 (Forest),70.0,70,Offense,,Chronicle Department Store,,7.06
Foul Offence 3,ジャッジスルー３,火 (Fire),100.0,100,Offense,,Chronicle Department Store,,7.13
Angel Ball,エンゼルボール,風 (Wind),70.0,70,Offense,,Chronicle Department Store,,6.47
Devil Ball,デビルボール,林 (Forest),70.0,70,Offense,,Chronicle Department Store,,6.42
Future Eye,フューチャー・アイ,林 (Forest),50.0,50,Offense,,Chronicle Department Store,,6.09
Dragster,ゼロヨン,風 (Wind),60.0,60,Offense,,Chronicle Department Store,,5.34
Hey Presto,プレストターン,林 (Forest),60.0,60,Offense,,Chronicle Department Store,,4.92
Easy Breezy,そよかぜステップ,風 (Wind),60.0,60,Offense,,Chronicle Department Store,,5.02
Ball Lightning,ラウンドスパーク,火 (Fire),70.0,70,Offense,,Chronicle Department Store,,7.36
Rising Dragon,昇り龍,山 (Mountain),70.0,70,Offense,,Chronicle Department Store,,6.92
Acrobatic Keep,アクロバットキープ,山 (Mountain),60.0,60,Offense,,Chronicle Department Store,,5.86
Decoy Deploy,デコイ・リリース,無 (Void),85.0,80,Offense,,Chronicle Department Store,,7.76
The Wall,ザ・ウォール,山 (Mountain),60.0,60,Defense,Shoot Block,Chronicle Department Store,,6.02
Ghost Pull,怨霊,林 (Forest),60.0,60,Defense,,Chronicle Department Store,,6.28
Bamboo Pattern,かごめかごめ,山 (Mountain),70.0,70,Defense,,Chronicle Department Store,,5.37
Clone Defence,分身ディフェンス,林 (Forest),60.0,60,Defense,,Chronicle Department Store,,5.86
The Tower,ザ・タワー,風 (Wind),60.0,60,Defense,Shoot Block,Chronicle Department Store,,7.91
Photon Crash,フォトンフラッシュ,火 (Fire),60.0,60,Defense,,Chronicle Department Store,,5.42
Gravitation,グラビテイション,山 (Mountain),70.0,70,Defense,Shoot Block,Chronicle Department Store,,5.87
Sigma Zone,シグマゾーン,林 (Forest),85.0,80,Defense,,Chronicle Department Store,,5.81
Asteroid Belt,アステロイドベルト,林 (Forest),70.0,70,Defense,Shoot Block,Chronicle Department Store,,5.37
Ignited Steal,イグナイトスティール,火 (Fire),60.0,60,Defense,,Chronicle Department Store,,4.74
Frozen Steal,フローズンスティール,風 (Wind),60.0,60,Defense,,Chronicle Department Store,,4.62
Perfect Tower,パーフェクト・タワー,風 (Wind),85.0,80,Defense,,Chronicle Department Store,,7.02
Vac Attack,真空魔,風 (Wind),70.0,70,Defense,Shoot Block,Chronicle Department Store,,6.83
The Mountain,ザ・マウンテン,山 (Mountain),70.0,70,Defense,Shoot Block,Chronicle Department Store,,5.96
Mystifying Mist,ザ・ミスト,林 (Forest),60.0,60,Defense,,Chronicle Department Store,,8.11
Hunter's Net,ハンターズネット,林 (Forest),60.0,60,Defense,Shoot Block,Chronicle Department Store,,3.79
Runaway Train,ダッシュトレイン,火 (Fire),50.0,50,Defense,,Chronicle Department Store,Magic Moves (Odaiba Branch),4.89
Pancake Defence,かっとびディフェンス,山 (Mountain),70.0,70,Defense,Shoot Block,Chronicle Department Store,,6.91
Spatial Portal,ディメンションカット,林 (Forest),60.0,60,Defense,,Chronicle Department Store,,5.09
Solar Surprise,クレイジーサンライト,火 (Fire),60.0,60,Defense,,Chronicle Department Store,,
Great Wall,ビバ！万里の長城,山 (Mountain),60.0,60,Defense,Shoot Block,Chronicle Department Store,,6.22
Mystic Mist,ディープミスト,林 (Forest),70.0,70,Defense,Shoot Block,Chronicle Department Store,,7.2
Wall of Atlantis,アトランティスウォール,山 (Mountain),70.0,70,Defense,Shoot Block,Chronicle Department Store,,6.96
Goopy Gloopy Goo,もちもち黄粉餅,火 (Fire),60.0,60,Defense,Shoot Block,Chronicle Department Store,,5.82
God Hand,ゴッドハンド,山 (Mountain),60.0,60,Keep,,Chronicle Department Store,,6.84
Sliding Goal,ゴールずらし,山 (Mountain),60.0,60,Keep,,Chronicle Department Store,,4.09
Tsunami Wall,つなみウォール,風 (Wind),70.0,70,Keep,,Chronicle Department Store,,5.32
Majin the Hand,マジン・ザ・ハンド,山 (Mountain),85.0,80,Keep,,Chronicle Department Store,,6.01
Infinite Wall,無限の壁,山 (Mountain),85.0,80,Keep,,Chronicle Department Store,,6.81
Mugen the Hand,ムゲン・ザ・ハンド,林 (Forest),85.0,80,Keep,,Chronicle Department Store,,9.08
Wormhole,ワームホール,林 (Forest),70.0,70,Keep,,Chronicle Department Store,,5.77
Procyon Net,プロキオンネット,風 (Wind),70.0,70,Keep,,Chronicle Department Store,,6.31
Fist of Justice,正義の鉄拳,風 (Wind),70.0,70,Keep,,Chronicle Department Store,,7.51
Majin the Hand,マジン・ザ・ハンド,林 (Forest),85.0,80,Keep,,Chronicle Department Store,,6.01
God Hand,ゴッドハンド,林 (Forest),60.0,60,Keep,,Chronicle Department Store,,6.84
Dimensional Hand,イジゲン・ザ・ハンド,林 (Forest),70.0,70,Keep,,Chronicle Department Store,,5.58
Hammer of Fury,怒りの鉄槌,山 (Mountain),70.0,70,Keep,,Chronicle Department Store,,6.71
Combustion Catch,バーニングキャッチ,火 (Fire),50.0,50,Keep,,Chronicle Department Store,,5.79
God Hand V,ゴッドハンドＶ,山 (Mountain),85.0,80,Keep,,Chronicle Department Store,,6.05
Meteor Attack,,火 (Fire),50.0,50.0,Shoot,,Chronicle Department Store,,
Mermaid Smash,,風 (Wind),50.0,60.0,Shoot,,Chronicle Department Store,,
Driving Header,,山 (Mountain),50.0,50.0,Shoot,Long Shoot,Chronicle Department Store,,
Rapid Fire,,火 (Fire),50.0,50.0,Shoot,Long Shoot,Chronicle Department Store,,
Dynamite Shot,,火 (Fire),60.0,60.0,Shoot,,Chronicle Department Store,,
Gyro Head,,山 (Mountain),60.0,60.0,Shoot,,Chronicle Department Store,,
Utter Gutsiness Club,,山 (Mountain),70.0,70.0,Shoot,Long Shoot,Chronicle Department Store,,
Gigaton Head,,山 (Mountain),70.0,70.0,Shoot,,Chronicle Department Store,,
Flower Plower,,山 (Mountain),85.0,80.0,Shoot,,Chronicle Department Store,,
Parkour Power,,風 (Wind),70.0,70.0,Shoot,,Chronicle Department Store,,
Bicycle Slash,,無 (Void),70.0,70.0,Shoot,Long Shoot,Chronicle Department Store,,
Kabuki Break,,林 (Forest),70.0,80.0,Shoot,,Chronicle Department Store,,
Land Dragon,,山 (Mountain),70.0,70.0,Shoot,,Chronicle Department Store,,
Entropic Arrows,,無 (Void),85.0,90.0,Shoot,,Chronicle Department Store,,
Majestic Radiance,,風 (Wind),85.0,90.0,Shoot,,Chronicle Department Store,,
Volcanic Rock,,火 (Fire),85.0,80.0,Shoot,Long Shoot,Chronicle Department Store,,
Neo Galaxy,,火 (Fire),100.0,100.0,Shoot,,Chronicle Department Store,,
Solar Nexus,,火 (Fire),85.0,80.0,Shoot,,Chronicle Department Store,,
Bloodsucker Bite,,山 (Mountain),100.0,100.0,Shoot,,Chronicle Department Store,,
Stargazer,,風 (Wind),100.0,100.0,Shoot,,Chronicle Department Store,,
Orbital Drive,,風 (Wind),100.0,100.0,Shoot,,Chronicle Department Store,,
The Galaxy,,火 (Fire),100.0,100.0,Shoot,,Chronicle Department Store,,
Black Magic,,林 (Forest),50.0,50.0,Offense,,Chronicle Department Store,,
Attack Scan,,林 (Forest),50.0,50.0,Offense,,Chronicle Department Store,,
Ribbon Shower,,風 (Wind),50.0,60.0,Offense,,Chronicle Department Store,,
Flame Veil,,火 (Fire),50.0,60.0,Offense,,Chronicle Department Store,,
Grand Slam,,火 (Fire),50.0,60.0,Offense,,Chronicle Department Store,,
Burning Bomb,,火 (Fire),50.0,50.0,Offense,,Chronicle Department Store,,
Whirlwind Cut,,風 (Wind),60.0,60.0,Offense,,Chronicle Department Store,,
Warp Drive,,林 (Forest),60.0,60.0,Offense,,Chronicle Department Store,,
Menacing Glare,,山 (Mountain),60.0,60.0,Offense,,Chronicle Department Store,,
Gale Dash,,火 (Fire),70.0,70.0,Offense,,Chronicle Department Store,,
Low Scythe Slice,,林 (Forest),70.0,70.0,Offense,,Chronicle Department Store,,
Dual Pass,,林 (Forest),70.0,70.0,Offense,,Chronicle Department Store,,
Hydro Flow,,風 (Wind),85.0,80.0,Offense,,Chronicle Department Store,,
Look! UFO,,林 (Forest),85.0,80.0,Offense,,Chronicle Department Store,,
Boost Glider,,火 (Fire),70.0,70.0,Offense,,Chronicle Department Store,,
Jackknife,,風 (Wind),100.0,100.0,Offense,,Chronicle Department Store,,
Atlas Sword,,山 (Mountain),100.0,100.0,Offense,,Chronicle Department Store,,
Psi Arrow,,林 (Forest),100.0,100.0,Offense,,Chronicle Department Store,,
Doppelganger,,林 (Forest),50.0,50.0,Defense,,Chronicle Department Store,,
Killer Whale,,風 (Wind),50.0,60.0,Defense,,Chronicle Department Store,,
Defence Equation,,風 (Wind),50.0,50.0,Defense,,Chronicle Department Store,,
Power Charge,,山 (Mountain),60.0,60.0,Defense,,Chronicle Department Store,,
Divine Stamp,,火 (Fire),70.0,70.0,Defense,Shoot Block,Chronicle Department Store,,
Dual Storm,,林 (Forest),70.0,70.0,Defense,,Chronicle Department Store,,
Ground Quake,,山 (Mountain),85.0,85.0,Defense,Shoot Block,Chronicle Department Store,,
Trina Tumble,,林 (Forest),70.0,70.0,Defense,,Chronicle Department Store,,
Warsaw,,火 (Fire),85.0,80.0,Defense,,Chronicle Department Store,,
Jungle Jam,,林 (Forest),100.0,100.0,Defense,Shoot Block,Chronicle Department Store,,
Bindweed,,林 (Forest),100.0,100.0,Defense,,Chronicle Department Store,,
Stealth Step,,風 (Wind),100.0,100.0,Defense,,Chronicle Department Store,,
Phalanx,,山 (Mountain),100.0,100.0,Defense,,Chronicle Department Store,,
Pressure Punch,,火 (Fire),50.0,50.0,Keep,,Chronicle Department Store,,
Tornado Catch,,風 (Wind),50.0,50.0,Keep,,Chronicle Department Store,,
Killer Blade,,林 (Forest),50.0,50.0,Keep,,Chronicle Department Store,,
Ultrasonic,,林 (Forest),50.0,60.0,Keep,,Chronicle Department Store,,
Aurora Curtain,,風 (Wind),60.0,50.0,Keep,,Chronicle Department Store,,
Counter Strike,,火 (Fire),70.0,70.0,Keep,,Chronicle Department Store,,
Clone Block,,林 (Forest),85.0,80.0,Keep,,Chronicle Department Store,,
Volcano Head,,火 (Fire),85.0,80.0,Keep,,Chronicle Department Store,,
Psychlone,,林 (Forest),100.0,100.0,Keep,,Chronicle Department Store,,
Bounce Handler,,林 (Forest),100.0,100.0,Keep,,Chronicle Department Store,,
Dragon Rage Dunk,,風 (Wind),100.0,100.0,Keep,,Chronicle Department Store,,
Eiffel Tower,,山 (Mountain),50.0,50.0,Shoot,,Chronicle Department Store,,
Headbanger,,火 (Fire),50.0,50.0,Shoot,,Chronicle Department Store,,
Golden Gull,,火 (Fire),60.0,60.0,Shoot,,Chronicle Department Store,,
Rabbit Run,,林 (Forest),60.0,60.0,Shoot,,Chronicle Department Store,,
Clone Death Zone,,林 (Forest),70.0,70.0,Shoot,,Chronicle Department Store,,
Ninja Toad,,山 (Mountain),70.0,70.0,Shoot,,Chronicle Department Store,,
Fire Lemonade,,林 (Forest),70.0,70.0,Shoot,,Chronicle Department Store,,
Celestial Saw,,風 (Wind),70.0,70.0,Shoot,Long Shoot,Chronicle Department Store,,
Cold Front,,風 (Wind),70.0,70.0,Shoot,,Chronicle Department Store,,
Zigzag Zoom,,風 (Wind),70.0,70.0,Shoot,,Chronicle Department Store,,
The Detonator,,林 (Forest),85.0,80.0,Shoot,,Chronicle Department Store,,
Daruma Boomer,,火 (Fire),85.0,80.0,Shoot,,Chronicle Department Store,,
Perfect Penguin,,林 (Forest),85.0,80.0,Shoot,,Chronicle Department Store,,
Cross Fire,,風 (Wind),100.0,100.0,Shoot,,Chronicle Department Store,,
Seal Matrix,,山 (Mountain),50.0,50.0,Offense,,Chronicle Department Store,,
Divine Dummy,,林 (Forest),50.0,50.0,Offense,,Chronicle Department Store,,
Bewilder Blast,,山 (Mountain),60.0,60.0,Offense,,Chronicle Department Store,,
Invisible Fake,,山 (Mountain),60.0,60.0,Offense,,Chronicle Department Store,,
Mole Shuffle,,山 (Mountain),60.0,60.0,Offense,,Chronicle Department Store,,
Sub-Terfuge,,山 (Mountain),60.0,60.0,Offense,,Chronicle Department Store,,
Pyroclastic,,火 (Fire),60.0,60.0,Offense,,Chronicle Department Store,,
Triple Dash,,山 (Mountain),70.0,70.0,Offense,,Chronicle Department Store,,
Warp Step,,無 (Void),70.0,70.0,Offense,,Chronicle Department Store,,
Sparky Spin,,火 (Fire),85.0,80.0,Offense,,Chronicle Department Store,,
Supreme Spin,,火 (Fire),60.0,60.0,Defense,Shoot Block,Chronicle Department Store,,
Defence Scan,,林 (Forest),60.0,60.0,Defense,,Chronicle Department Store,,
Card Shark,,火 (Fire),60.0,60.0,Defense,Shoot Block,Chronicle Department Store,,
Yo-Yo Ball,,林 (Forest),60.0,60.0,Defense,,Chronicle Department Store,,
Whale Guard,,風 (Wind),60.0,60.0,Defense,,Chronicle Department Store,,
Mega Wall,,山 (Mountain),60.0,60.0,Defense,Shoot Block,Chronicle Department Store,,
Road Roller,,山 (Mountain),60.0,60.0,Defense,Shoot Block,Chronicle Department Store,,
Stone Wall,,林 (Forest),60.0,60.0,Defense,Shoot Block,Chronicle Department Store,,
Mad Express,,火 (Fire),70.0,70.0,Defense,,Chronicle Department Store,,
Logicstical Sync,,風 (Wind),70.0,70.0,Defense,,Chronicle Department Store,,
Containment Field,,林 (Forest),85.0,80.0,Defense,,Chronicle Department Store,,
Mistral,,風 (Wind),50.0,50.0,Keep,,Chronicle Department Store,,
Claw Slash,,林 (Forest),50.0,50.0,Keep,,Chronicle Department Store,,
Card Protector,,山 (Mountain),60.0,60.0,Keep,,Chronicle Department Store,,
Shot Trap,,火 (Fire),60.0,60.0,Keep,,Chronicle Department Store,,
Close Counter,,火 (Fire),60.0,60.0,Keep,,Chronicle Department Store,,
Triple God Hand,,火 (Fire),70.0,70.0,Keep,,Chronicle Department Store,,
Desecrater,,山 (Mountain),70.0,70.0,Keep,,Chronicle Department Store,,
Savage Beast Fang,,火 (Fire),70.0,70.0,Keep,,Chronicle Department Store,,
Lunar Eclipse,,林 (Forest),85.0,80.0,Keep,,Chronicle Department Store,,
Mega Majin,,風 (Wind),85.0,80.0,Keep,,Chronicle Department Store,,
Mermaid Veil,,風 (Wind),100.0,100.0,Keep,,Chronicle Department Store,,
Grabber Arm,,林 (Forest),100.0,100.0,Keep,,Chronicle Department Store,,
Freeze Shot,フリーズショット,林 (Forest),50.0,50,Shoot,,Vs Store,Magic Moves (Odaiba Branch),4.61
Kung Fu Fighting,クンフーアタック,山 (Mountain),50.0,50,Shoot,Counter Shoot,Vs Store,,5.97
Inazuma-1 Drop,イナズマ１号落とし,風 (Wind),85.0,80,Shoot,,Vs Store,,7.31
Ganymede Ray,ガニメデプロトン,林 (Forest),60.0,60,Shoot,Counter Shoot,Vs Store,,5.71
Cosmic Blast,ユニバースブラスト,林 (Forest),70.0,70,Shoot,,Vs Store,,6.96
Gaia Break,ガイアブレイク,山 (Mountain),85.0,80,Shoot,,Vs Store,,7.42
Space Penguin,スペースペンギン,風 (Wind),100.0,100,Shoot,,Vs Store,,10.98
Steeple Shot,通天閣シュート,火 (Fire),60.0,60,Shoot,,Vs Store,,5.04
Tiger Drive,タイガードライブ,山 (Mountain),60.0,60,Shoot,Long Shoot,Vs Store,,5.9
Hellfire,ヘルファイア,火 (Fire),60.0,60,Shoot,,Vs Store,Magic Moves (Odaiba Branch),5.26
Thunder Beast,サンダービースト,風 (Wind),70.0,70,Shoot,,Vs Store,,7.54
The Tube,ザ・チューブ,風 (Wind),60.0,60,Shoot,,Vs Store,,4.57
Pegasus Shot,ペガサスショット,林 (Forest),70.0,70,Shoot,,Vs Store,,6.07
Unicorn Boost,ユニコーンブースト,山 (Mountain),85.0,80,Shoot,,Vs Store,,6.15
Almighty Cannon,ゴッドキャノン,山 (Mountain),70.0,70,Shoot,,Vs Store,,5.54
Doom Rain,デスレイン,火 (Fire),60.0,60,Shoot,Long Shoot,Vs Store,,6.36
Emperor Penguin 7,皇帝ペンギン７,風 (Wind),85.0,80,Shoot,Long Shoot,Vs Store,,7.36
Ballista Barrage,バリスタショット,山 (Mountain),60.0,60,Shoot,Long Shoot,Vs Store,,4.72
Supernatural Strike,デビルバースト,火 (Fire),70.0,70,Shoot,,Vs Store,,7.52
Matchlock Bullet,火縄バレット,火 (Fire),60.0,60,Shoot,Long Shoot,Vs Store,,6.26
Holy Roller,ゴッドウィンド,風 (Wind),70.0,70,Shoot,,Vs Store,,5.68
Prima Donna,プリマドンナ,山 (Mountain),60.0,60,Offense,,Vs Store,,8.61
Wind God's Dance,風神の舞,風 (Wind),70.0,70,Offense,,Vs Store,,6.22
Log Roll,なみのりピエロ,風 (Wind),50.0,50,Offense,,Vs Store,Magic Moves (Odaiba Branch),6.79
Dance on Air,スカイウォーク,山 (Mountain),60.0,60,Offense,,Vs Store,,4.87
Heart Beat,アグレッシブビート,火 (Fire),70.0,70,Offense,,Vs Store,,6.01
Easy Breezy Kid,そよヤギステップ,風 (Wind),70.0,70,Offense,,Vs Store,,5.27
Quick Draw,クイックドロウ,林 (Forest),50.0,50,Defense,,Vs Store,Magic Moves (Odaiba Branch),3.57
Spider Web,蜘蛛の糸,林 (Forest),60.0,60,Defense,,Vs Store,Magic Moves (Odaiba Branch),4.89
Cyclone,サイクロン,風 (Wind),60.0,60,Defense,,Vs Store,,4.54
Shadow Stitch,影縫い,林 (Forest),60.0,60,Defense,,Vs Store,Magic Moves (Odaiba Branch),4.85
Flame Dance,フレイムダンス,火 (Fire),70.0,70,Defense,,Vs Store,Magic Moves (Odaiba Branch),6.47
Iron Wall,アイアンウォール,山 (Mountain),70.0,70,Defense,Shoot Block,Vs Store,,5.06
Dawnrise,ゴー・トゥ・ヘブン,風 (Wind),70.0,70,Defense,,Vs Store,,5.01
Duskfall,ゴー・トゥ・ヘル,林 (Forest),70.0,70,Defense,,Vs Store,,4.77
Hyper-Swiper,ワンダートラップ,風 (Wind),60.0,60,Defense,,Vs Store,,6.12
Overnight Fortress,一夜城,火 (Fire),85.0,80,Defense,Shoot Block,Vs Store,Magic Moves (Odaiba Branch),5.79
Okehazama Ravine,オケハザマウォール,山 (Mountain),60.0,60,Defense,Shoot Block,Vs Store,,6.07
Fireball Knuckle,熱血パンチ,火 (Fire),50.0,50,Keep,,Vs Store,,3.12
Warp Space,ゆがむ空間,林 (Forest),50.0,50,Keep,,Vs Store,,4.62
Triple Defence,トリプルディフェンス,山 (Mountain),70.0,70,Keep,,Vs Store,,6.12
Gigant Wall,ギガントウォール,山 (Mountain),70.0,70,Keep,,Vs Store,,6.32
Blazing Knuckle,爆裂パンチ,火 (Fire),60.0,60,Keep,,Vs Store,,5.77
Flame Breath,火炎放射,火 (Fire),50.0,50,Keep,,Vs Store,Magic Moves (Odaiba Branch),7.02
Drill Smasher,ドリルスマッシャー,火 (Fire),85.0,80,Keep,,Vs Store,,5.51
Safety First,セーフティープロテクト,風 (Wind),50.0,50,Keep,,Vs Store,,5.84
God Hand X,ゴッドハンドＸ,火 (Fire),85.0,80,Keep,,Vs Store,,6.39
Celestial Zone,ホーリーゾーン,風 (Wind),85.0,80,Keep,,Vs Store,,6.11
The End,ジ・エンド,林 (Forest),85.0,80,Keep,,Vs Store,,6.92
Fingers of Gaia,フェンス・オブ・ガイア,山 (Mountain),60.0,60,Keep,,Vs Store,,6.07
Capable Hands,無頼ハンド,火 (Fire),70.0,70,Keep,,Vs Store,,6.51
Stomper Stopper,ドーンシャウト,林 (Forest),60.0,60,Keep,,Vs Store,Magic Moves (Odaiba Branch),5.79
Jumping Whack,ぶっとびパンチ,山 (Mountain),60.0,60,Keep,,Vs Store,,6.52
Double God Hand,ゴッドハンドＷ,山 (Mountain),85.0,80,Keep,,Vs Store,,8.01
Penguin the Hand,ペンギン・ザ・ハンド,無 (Void),70.0,70,Keep,,Vs Store,,9.09
Snake Shot,,山 (Mountain),50.0,50.0,Shoot,,Vs Store,,
Comet Shot,,風 (Wind),50.0,50.0,Shoot,Long Shoot,Vs Store,,
Psycho Shot,,林 (Forest),50.0,50.0,Shoot,,Vs Store,,
Heel Kick,,火 (Fire),50.0,50.0,Shoot,,Vs Store,,
Teleport Shot,,山 (Mountain),60.0,60.0,Shoot,,Vs Store,,
Dinosaur Roar,,山 (Mountain),60.0,70.0,Shoot,,Vs Store,,
Tusk Force,,林 (Forest),60.0,60.0,Shoot,,Vs Store,,
Dragon Cannon,,火 (Fire),70.0,70.0,Shoot,Counter Shoot,Vs Store,,
Double Wrath Shot,,林 (Forest),70.0,70.0,Shoot,Counter Shoot,Vs Store,,
Assault Shot,,火 (Fire),85.0,80.0,Shoot,Long Shoot,Vs Store,,
Gusher Crusher,,火 (Fire),70.0,70.0,Shoot,,Vs Store,,
Gold Rush,,山 (Mountain),70.0,70.0,Shoot,,Vs Store,,
Straight Counter,,風 (Wind),70.0,70.0,Shoot,Counter Shoot,Vs Store,,
Double Tornado,,林 (Forest),85.0,80.0,Shoot,Counter Shoot,Vs Store,,
Asteride,,風 (Wind),70.0,70.0,Shoot,Long Shoot,Vs Store,,
Dust Javelin,,山 (Mountain),85.0,80.0,Shoot,,Vs Store,,
Bubble Trouble,,風 (Wind),85.0,80.0,Shoot,,Vs Store,,
Dimensional Deluge,,林 (Forest),85.0,80.0,Shoot,Counter Shoot,Vs Store,,
Supermassive Shot,,山 (Mountain),100.0,100.0,Shoot,Counter Shoot,Vs Store,,
Fire Tornado TC,,火 (Fire),100.0,100.0,Shoot,,Vs Store,,
Great Blaster,,無 (Void),100.0,100.0,Shoot,,Vs Store,,
Big Bang Slash,,林 (Forest),100.0,100.0,Shoot,,Vs Store,,
Werewolf Howl,,火 (Fire),100.0,100.0,Shoot,,Vs Store,,
Nocturne,,風 (Wind),100.0,100.0,Shoot,,Vs Store,,
Volcanic Lightning,,火 (Fire),100.0,100.0,Shoot,,Vs Store,,
Magic Amp,,林 (Forest),100.0,100.0,Shoot,,Vs Store,,
Loyal Heart Shot,,火 (Fire),100.0,100.0,Shoot,,Vs Store,,
Galactic GigaFall,,無 (Void),100.0,100.0,Shoot,,Vs Store,,
Rodeo Clown,,風 (Wind),50.0,50.0,Offense,,Vs Store,,
Poison Fog,,風 (Wind),50.0,50.0,Offense,,Vs Store,,
Moonsault,,風 (Wind),50.0,50.0,Offense,,Vs Store,,
Magic,,林 (Forest),50.0,50.0,Offense,,Vs Store,,
Pyrokinetic,,火 (Fire),50.0,60.0,Offense,,Vs Store,,
Hoopsie-Daisy,,風 (Wind),50.0,50.0,Offense,,Vs Store,Magic Moves (Odaiba Branch),
Foul Offence,,火 (Fire),60.0,60.0,Offense,,Vs Store,,
Fugue Wave,,林 (Forest),60.0,70.0,Offense,,Vs Store,,
Format Disk,,無 (Void),60.0,70.0,Offense,,Vs Store,,
Z Slash,,林 (Forest),60.0,60.0,Offense,,Vs Store,,
Rolling Hell,,山 (Mountain),70.0,70.0,Offense,,Vs Store,,
Eye of the Storm,,林 (Forest),70.0,80.0,Offense,,Vs Store,,
Desert Drift,,山 (Mountain),70.0,70.0,Offense,,Vs Store,,
Silk Road,,火 (Fire),70.0,70.0,Offense,,Vs Store,,
Major Miner,,山 (Mountain),85.0,80.0,Offense,,Vs Store,,
Magmire,,火 (Fire),85.0,80.0,Offense,,Vs Store,,
Mushroom Hop,,林 (Forest),85.0,80.0,Offense,,Vs Store,,
Holograb,,山 (Mountain),100.0,100.0,Offense,,Vs Store,,
Diffusal Chord,,火 (Fire),100.0,100.0,Offense,,Vs Store,,
Horn Train,,火 (Fire),50.0,50.0,Defense,Shoot Block,Vs Store,,
About Face,,山 (Mountain),50.0,50.0,Defense,,Vs Store,,
Heavy Mettle,,山 (Mountain),50.0,60.0,Defense,Shoot Block,Vs Store,,
Copy Cut,,山 (Mountain),50.0,50.0,Defense,,Vs Store,,
Willy-Willy,,山 (Mountain),50.0,60.0,Defense,,Vs Store,,
Fake Bomber,,火 (Fire),60.0,60.0,Defense,,Vs Store,,
Maestro's Call,,林 (Forest),60.0,60.0,Defense,Shoot Block,Vs Store,,
Sleeping Dust,,林 (Forest),70.0,70.0,Defense,,Vs Store,,
Desert Blast,,風 (Wind),70.0,70.0,Defense,,Vs Store,,
Asterocks,,火 (Fire),70.0,70.0,Defense,Shoot Block,Vs Store,,
Fancy-Footwork,,火 (Fire),70.0,70.0,Defense,,Vs Store,,
Center Scythe Slice,,林 (Forest),70.0,70.0,Defense,Shoot Block,Vs Store,,
Volcanic Flight,,火 (Fire),70.0,80.0,Defense,,Vs Store,,
Floral Fiesta,,山 (Mountain),85.0,85.0,Defense,,Vs Store,,
Under Miner,,山 (Mountain),85.0,80.0,Defense,,Vs Store,,
Waterfall,,風 (Wind),85.0,80.0,Defense,Shoot Block,Vs Store,,
Rock Hammer,,山 (Mountain),85.0,80.0,Defense,,Vs Store,,
Judgement Ray,,火 (Fire),100.0,100.0,Defense,,Vs Store,,
Psychic Lift,,火 (Fire),100.0,100.0,Defense,,Vs Store,,
Wild Claw,,山 (Mountain),50.0,50.0,Keep,,Vs Store,,
Utter Gutsiness Catch,,山 (Mountain),50.0,50.0,Keep,,Vs Store,,
Fireball Head,,火 (Fire),50.0,50.0,Keep,,Vs Store,,
Whip Crack,,風 (Wind),50.0,60.0,Keep,,Vs Store,,
Wild Dunk,,風 (Wind),50.0,50.0,Keep,,Vs Store,,
All-Star,,風 (Wind),60.0,70.0,Keep,,Vs Store,,
Twist 'n' Clout,,林 (Forest),60.0,60.0,Keep,,Vs Store,,
Burnout Blast,,火 (Fire),70.0,70.0,Keep,,Vs Store,,
Menace Elbow,,風 (Wind),70.0,70.0,Keep,,Vs Store,,
Sand Blaster,,山 (Mountain),85.0,80.0,Keep,,Vs Store,,
Hydro Breath,,風 (Wind),85.0,80.0,Keep,,Vs Store,,
Venus Balltrap,,林 (Forest),85.0,80.0,Keep,,Vs Store,,
Claw de Force,,風 (Wind),85.0,80.0,Keep,,Vs Store,,
White Hole,,風 (Wind),100.0,100.0,Keep,,Vs Store,,
Bastion Block,,火 (Fire),100.0,100.0,Keep,,Vs Store,,
Dark Reversal,,風 (Wind),100.0,100.0,Keep,,Vs Store,,
Solution Boost,,林 (Forest),60.0,60.0,Shoot,,Vs Store,,
Legendary Silver Wolf,,風 (Wind),60.0,60.0,Shoot,Long Shoot,Vs Store,,
Flying Marlin,,風 (Wind),60.0,60.0,Shoot,Long Shoot,Vs Store,,
Peaky Breezy,,風 (Wind),60.0,60.0,Offense,,Vs Store,,
Hoopsie-Loop,,風 (Wind),60.0,60.0,Offense,,Vs Store,,
Frost Finesse,,風 (Wind),60.0,60.0,Offense,,Vs Store,,
Falcon Counter,,火 (Fire),60.0,60.0,Offense,,Vs Store,,
Matrix Eye,,林 (Forest),60.0,60.0,Offense,,Vs Store,,
Phantasm Dribble,,林 (Forest),60.0,60.0,Offense,,Vs Store,,
Look! A Rice Ball,,林 (Forest),60.0,60.0,Offense,,Vs Store,,
Amp Beat,,火 (Fire),60.0,60.0,Offense,,Vs Store,,
Vigorous Stomp,,火 (Fire),60.0,60.0,Defense,Shoot Block,Vs Store,,
Dark Mist,,林 (Forest),60.0,60.0,Defense,Shoot Block,Vs Store,,
Dramatic Swipe,,風 (Wind),60.0,60.0,Defense,,Vs Store,,
Runaway Bull,,火 (Fire),60.0,60.0,Defense,,Vs Store,,
Metal Hammer,,山 (Mountain),60.0,60.0,Defense,,Vs Store,Magic Moves (Odaiba Branch),
Banana Shot,,林 (Forest),50.0,50.0,Shoot,,Vs Store,,
Hawk Shot,,風 (Wind),50.0,50.0,Shoot,Counter Shoot,Vs Store,,
Cold Snap,,風 (Wind),60.0,60.0,Shoot,,Vs Store,,
Centrifugal Blast,,風 (Wind),50.0,50.0,Shoot,,Vs Store,,
Astro Gate,,林 (Forest),60.0,60.0,Shoot,,Vs Store,,
Sweet Deal,,林 (Forest),60.0,60.0,Shoot,,Vs Store,,
Leaping Thunder,,山 (Mountain),60.0,60.0,Shoot,,Vs Store,,
Rainbow Bubble Burst,,林 (Forest),60.0,60.0,Shoot,Long Shoot,Vs Store,,
Fire Tornado A,,火 (Fire),60.0,60.0,Shoot,,Vs Store,,
Flash Dance,,林 (Forest),60.0,60.0,Shoot,,Vs Store,,
Ursa Rager,,山 (Mountain),60.0,60.0,Shoot,,Vs Store,,
Clone Penguin,,林 (Forest),70.0,70.0,Shoot,,Vs Store,,
Dragon's Tail,,山 (Mountain),70.0,70.0,Shoot,,Vs Store,,
Gaussian Goal,,林 (Forest),70.0,70.0,Shoot,,Vs Store,,
Polar Bear No. 2,,山 (Mountain),70.0,70.0,Shoot,,Vs Store,,
Penguin Volley,,火 (Fire),70.0,70.0,Shoot,,Vs Store,,
Heavenly Tianlong,,山 (Mountain),70.0,70.0,Shoot,,Vs Store,,
Shadow Ray,,林 (Forest),70.0,70.0,Shoot,,Vs Store,,
Meteor Strike,,火 (Fire),85.0,80.0,Shoot,,Vs Store,,
Polar Pike,,風 (Wind),85.0,80.0,Shoot,Long Shoot,Vs Store,,
Brave Shot,,山 (Mountain),100.0,100.0,Shoot,Long Shoot,Vs Store,,
God Alone Knows,,風 (Wind),100.0,100.0,Shoot,,Vs Store,,
Dark Whirlwind,,林 (Forest),50.0,50.0,Offense,,Vs Store,,
Bubble Gum,,火 (Fire),50.0,50.0,Offense,,Vs Store,,
Guided Collide,,林 (Forest),50.0,50.0,Offense,,Vs Store,,
Armadillo Circus,,火 (Fire),60.0,60.0,Offense,,Vs Store,,
Echo Ball,,林 (Forest),60.0,60.0,Offense,,Vs Store,,
Big Fan,,風 (Wind),60.0,60.0,Offense,,Vs Store,,
Foul Offence 2,,火 (Fire),60.0,60.0,Offense,,Vs Store,,
Liar Shot,,火 (Fire),60.0,60.0,Offense,,Vs Store,,
In-Line Stampede,,無 (Void),60.0,60.0,Offense,,Vs Store,,
Flash Dash,,風 (Wind),70.0,70.0,Offense,,Vs Store,,
Short Circuit,,火 (Fire),85.0,80.0,Offense,,Vs Store,,
Shiny Feathers,,風 (Wind),85.0,80.0,Offense,,Vs Store,,
Twister Trap,,風 (Wind),50.0,50.0,Defense,,Vs Store,,
Frankenstun,,火 (Fire),50.0,50.0,Defense,,Vs Store,,
Am-Bush,,林 (Forest),60.0,60.0,Defense,,Vs Store,,
Master Stroke,,無 (Void),60.0,60.0,Defense,,Vs Store,,
Barbarian Shield,,山 (Mountain),70.0,70.0,Defense,Shoot Block,Vs Store,,
Gravity Cage,,山 (Mountain),70.0,70.0,Defense,Shoot Block,Vs Store,,
Easter Island Header,,山 (Mountain),70.0,70.0,Defense,,Vs Store,,
Ursa Binder,,山 (Mountain),70.0,70.0,Defense,Shoot Block,Vs Store,,
Swan Dive,,風 (Wind),50.0,50.0,Keep,,Vs Store,,
The Stinger,,林 (Forest),60.0,60.0,Keep,,Vs Store,,
Fur Trapper,,林 (Forest),60.0,60.0,Keep,,Vs Store,,
Maelstrom the Hand,,風 (Wind),85.0,85.0,Keep,,Vs Store,,
Northern Impact,ノーザンインパクト,風 (Wind),70.0,70,Shoot,,Magic Moves (Odaiba Branch),Magic Moves (Arcade Branch),5.77
Slingshot,スリングショット,山 (Mountain),85.0,80,Shoot,,Magic Moves (Odaiba Branch),Magic Moves (Arcade Branch),6.72
Double Helix,スプリングアロー,林 (Forest),60.0,60,Shoot,,Magic Moves (Odaiba Branch),Magic Moves (Arcade Branch),7.09
Revolution V,レボリューションＶ,風 (Wind),60.0,60,Shoot,,Magic Moves (Odaiba Branch),Magic Moves (Arcade Branch),6.56
Eagle Buster,イーグルバスター,山 (Mountain),60.0,60,Shoot,Long Shoot,Magic Moves (Odaiba Branch),Magic Moves (Arcade Branch),7.98
Atomic Flare,アトミックフレア,火 (Fire),70.0,70,Shoot,Counter Shoot,Magic Moves (Odaiba Branch),Magic Moves (Arcade Branch),5.76
Maximum Fire,マキシマムファイア,火 (Fire),60.0,60,Shoot,,Magic Moves (Odaiba Branch),Magic Moves (Arcade Branch),6.14
White Hurricane,ホワイトハリケーン,風 (Wind),60.0,60,Shoot,Counter Shoot,Magic Moves (Odaiba Branch),Magic Moves (Arcade Branch),6.76
Dark Energy Star,エクステンドゾーン,林 (Forest),70.0,70,Shoot,,Magic Moves (Odaiba Branch),Magic Moves (Arcade Branch),6.86
Samba Strike,ストライクサンバ,山 (Mountain),60.0,60,Shoot,Long Shoot,Magic Moves (Odaiba Branch),Magic Moves (Arcade Branch),5.36
Heavenly Drive,ヘブンドライブ,山 (Mountain),70.0,70,Shoot,Long Shoot,Magic Moves (Odaiba Branch),Magic Moves (Arcade Branch),7.31
Falling Planet,オーガブレード,山 (Mountain),60.0,60,Shoot,,Magic Moves (Odaiba Branch),Magic Moves (Arcade Branch),6.02
Triple Threat,エボリューション,山 (Mountain),100.0,100,Shoot,,Magic Moves (Odaiba Branch),Magic Moves (Arcade Branch),6.26
Shadow Ray,シャドウ・レイ,山 (Mountain),70.0,70,Shoot,,Magic Moves (Odaiba Branch),Magic Moves (Arcade Branch),6.79
Bungee Ball Burst,バンジースラスト,火 (Fire),60.0,60,Offense,,Magic Moves (Odaiba Branch),Magic Moves (Arcade Branch),4.89
Big Ball Trick,トリックボール,林 (Forest),50.0,50,Offense,,Magic Moves (Odaiba Branch),Magic Moves (Arcade Branch),5.87
Clone Faker,分身フェイント,林 (Forest),50.0,50,Offense,,Magic Moves (Odaiba Branch),Magic Moves (Arcade Branch),4.96
Three-Legged Rush,ニニンサンキャク,山 (Mountain),60.0,60,Offense,,Magic Moves (Odaiba Branch),Magic Moves (Arcade Branch),6.79
Criss-Cross,ブリタニアクロス,火 (Fire),70.0,70,Offense,,Magic Moves (Odaiba Branch),Magic Moves (Arcade Branch),6.52
Matador Feint,マタドールフェイント,林 (Forest),50.0,50,Offense,,Magic Moves (Odaiba Branch),Magic Moves (Arcade Branch),7.18
Dash Storm,ダッシュストーム,風 (Wind),70.0,70,Offense,,Magic Moves (Odaiba Branch),Magic Moves (Arcade Branch),4.61
Athena's Anthem,オリンポスハーモニー,林 (Forest),70.0,70,Offense,,Magic Moves (Odaiba Branch),Magic Moves (Arcade Branch),6.19
Water Veil,ウォーターベール,風 (Wind),60.0,60,Offense,,Magic Moves (Odaiba Branch),Magic Moves (Arcade Branch),4.37
Air Ride,エアライド,風 (Wind),70.0,70,Offense,,Magic Moves (Odaiba Branch),Magic Moves (Arcade Branch),7.76
Magnetism,マグネットドロー,林 (Forest),50.0,50,Defense,,Magic Moves (Odaiba Branch),Magic Moves (Arcade Branch),6.24
Fire Drill,スクリュードライバー,火 (Fire),60.0,60,Defense,,Magic Moves (Odaiba Branch),Magic Moves (Arcade Branch),5.37
Perimeter Zone,プロファイルゾーン,風 (Wind),50.0,50,Defense,,Magic Moves (Odaiba Branch),Magic Moves (Arcade Branch),5.41
Rolling Slide,ローリングスライド,火 (Fire),60.0,60,Defense,,Magic Moves (Odaiba Branch),Magic Moves (Arcade Branch),6.01
Electric Impedance,ブリッツブリッジ,無 (Void),50.0,50,Defense,Shoot Block,Magic Moves (Odaiba Branch),Magic Moves (Arcade Branch),6.67
Harvest,ハーヴェスト,林 (Forest),60.0,60,Defense,,Magic Moves (Odaiba Branch),Magic Moves (Arcade Branch),4.91
Particle Accelerator,グランドスイーパー,無 (Void),60.0,60,Defense,Shoot Block,Magic Moves (Odaiba Branch),Magic Moves (Arcade Branch),7.71
Ozone Flayer,エアーバレット,風 (Wind),60.0,60,Defense,Shoot Block,Magic Moves (Odaiba Branch),Magic Moves (Arcade Branch),6.06
Shooting Star,シューティングスター,火 (Fire),60.0,60,Defense,Shoot Block,Magic Moves (Odaiba Branch),Magic Moves (Arcade Branch),6.49
Circus Block,ブロックサーカス,山 (Mountain),60.0,60,Defense,,Magic Moves (Odaiba Branch),Magic Moves (Arcade Branch),5.0
No Escape,ノーエスケイプ,山 (Mountain),85.0,80,Defense,,Magic Moves (Odaiba Branch),Magic Moves (Arcade Branch),5.96
Diabolical Cut,デーモンカット,林 (Forest),70.0,70,Defense,Shoot Block,Magic Moves (Odaiba Branch),Magic Moves (Arcade Branch),5.37
Body Shield,ボディシールド,山 (Mountain),85.0,80,Defense,,Magic Moves (Odaiba Branch),Magic Moves (Arcade Branch),6.69
Oglitteration,きらきらイリュージョン,林 (Forest),85.0,80,Defense,,Magic Moves (Odaiba Branch),Magic Moves (Arcade Branch),6.19
Fist Beam,ビームこぶし,火 (Fire),70.0,70,Keep,,Magic Moves (Odaiba Branch),Magic Moves (Arcade Branch),7.37
Storm Rider,ストームライダー,風 (Wind),60.0,60,Keep,,Magic Moves (Odaiba Branch),Magic Moves (Arcade Branch),6.86
Capoeira Grab,カポエィラスナッチ,山 (Mountain),60.0,60,Keep,,Magic Moves (Odaiba Branch),Magic Moves (Arcade Branch),4.77
Needle Hammer,ニードルハンマー,風 (Wind),60.0,60,Keep,,Magic Moves (Odaiba Branch),Magic Moves (Arcade Branch),5.91
Table-Turner,ちゃぶ台返し,山 (Mountain),60.0,60,Keep,,Magic Moves (Odaiba Branch),Magic Moves (Arcade Branch),4.94
Shot Stopper,シュートブレイク,火 (Fire),60.0,60,Keep,,Magic Moves (Odaiba Branch),Magic Moves (Arcade Branch),7.93
Giant Spider,ビッグスパイダー,林 (Forest),60.0,60,Keep,,Magic Moves (Odaiba Branch),Magic Moves (Arcade Branch),4.67
Crystal Barrier,クリスタルバリア,風 (Wind),60.0,60,Keep,,Magic Moves (Odaiba Branch),Magic Moves (Arcade Branch),5.37
Crescent Cross,弧月十字掌,無 (Void),70.0,70,Keep,,Magic Moves (Odaiba Branch),Magic Moves (Arcade Branch),7.11
Dual Smash,デュアルスマッシュ,林 (Forest),60.0,60,Keep,,Magic Moves (Odaiba Branch),Magic Moves (Arcade Branch),6.37
Double Rocket,ダブルロケット,火 (Fire),70.0,70,Keep,,Magic Moves (Odaiba Branch),Magic Moves (Arcade Branch),5.56
Rotary Sander,サンドカッター,火 (Fire),70.0,70,Keep,,Magic Moves (Odaiba Branch),Magic Moves (Arcade Branch),7.81
Bridge to Nowhere,キルブリッジ,風 (Wind),70.0,70,Keep,,Magic Moves (Odaiba Branch),Magic Moves (Arcade Branch),5.67
Gravity Point,グラビティポイント,林 (Forest),70.0,70,Keep,,Magic Moves (Odaiba Branch),Magic Moves (Arcade Branch),5.46
Beast Fang,ビーストファング,火 (Fire),85.0,80,Keep,,Magic Moves (Odaiba Branch),Magic Moves (Arcade Branch),6.09
Million Hands,ミリオンハンズ,火 (Fire),70.0,70,Keep,,Magic Moves (Odaiba Branch),Magic Moves (Arcade Branch),5.82
Phantom Shot,ファントムシュート,林 (Forest),50.0,50,Shoot,,Magic Moves (Odaiba Branch),Magic Moves (Arcade Branch),3.3
Rolling Kick,ローリングキック,林 (Forest),50.0,50,Shoot,,Magic Moves (Odaiba Branch),Magic Moves (Arcade Branch),4.67
Patriot Shot,パトリオットシュート,火 (Fire),60.0,60,Shoot,Long Shoot,Magic Moves (Odaiba Branch),Magic Moves (Arcade Branch),6.72
Cross Drive,クロスドライブ,風 (Wind),50.0,50,Shoot,,Magic Moves (Odaiba Branch),Magic Moves (Arcade Branch),5.11
Condor Dive,コンドルダイブ,風 (Wind),50.0,50,Shoot,,Magic Moves (Odaiba Branch),Magic Moves (Arcade Branch),5.26
Run Ball Run,ラン・ボール・ラン,林 (Forest),50.0,50,Shoot,,Magic Moves (Odaiba Branch),Magic Moves (Arcade Branch),5.91
Shine Drive,シャインドライブ,火 (Fire),60.0,60,Shoot,,Magic Moves (Odaiba Branch),Magic Moves (Arcade Branch),4.0
Tarzan Kick,ターザンキック,山 (Mountain),50.0,50,Shoot,,Magic Moves (Odaiba Branch),Magic Moves (Arcade Branch),4.89
Dirt Ball,つちだるま,山 (Mountain),50.0,50,Shoot,,Magic Moves (Odaiba Branch),Magic Moves (Arcade Branch),6.01
Double Grenade,ダブルグレネード,火 (Fire),60.0,60,Shoot,,Magic Moves (Odaiba Branch),Magic Moves (Arcade Branch),5.75
Dual Strike,デュアルストライク,林 (Forest),60.0,60,Shoot,,Magic Moves (Odaiba Branch),Magic Moves (Arcade Branch),7.78
Bed of Roses,ローズスプラッシュ,林 (Forest),50.0,50,Shoot,,Magic Moves (Odaiba Branch),Magic Moves (Arcade Branch),5.06
Security Shot,セキュリティショット,林 (Forest),60.0,60,Shoot,,Magic Moves (Odaiba Branch),Magic Moves (Arcade Branch),7.84
Megalodon,メガロドン,風 (Wind),60.0,60,Shoot,,Magic Moves (Odaiba Branch),Magic Moves (Arcade Branch),6.32
Paladin Strike,パラディンストライク,山 (Mountain),60.0,60,Shoot,,Magic Moves (Odaiba Branch),Magic Moves (Arcade Branch),3.75
Gunshot,ガンショット,火 (Fire),50.0,50,Shoot,,Magic Moves (Odaiba Branch),Magic Moves (Arcade Branch),5.43
RC Shot,ＲＣシュート,火 (Fire),60.0,60,Shoot,Long Shoot,Magic Moves (Odaiba Branch),Magic Moves (Arcade Branch),6.96
Bouncing Bomb,バウンドフレイム,火 (Fire),50.0,50,Shoot,,Magic Moves (Odaiba Branch),Magic Moves (Arcade Branch),4.52
Warhead,ロケットヘッド,火 (Fire),60.0,60,Shoot,,Magic Moves (Odaiba Branch),Magic Moves (Arcade Branch),5.01
Optimal Trajectory,パーフェクトコース,林 (Forest),50.0,50,Shoot,,Magic Moves (Odaiba Branch),Magic Moves (Arcade Branch),6.47
Will-o'-the-Wisp Shot,マボロシショット,林 (Forest),60.0,60,Shoot,,Magic Moves (Odaiba Branch),Magic Moves (Arcade Branch),6.34
Flying Fish,フライングフィッシュ,風 (Wind),50.0,50,Shoot,Long Shoot,Magic Moves (Odaiba Branch),Magic Moves (Arcade Branch),4.94
Plasma Ball,プラズマボール,風 (Wind),50.0,50,Shoot,Long Shoot,Magic Moves (Odaiba Branch),Magic Moves (Arcade Branch),5.51
Cupid's Arrow,ラブ・アロー,火 (Fire),60.0,60,Shoot,Long Shoot,Magic Moves (Odaiba Branch),Magic Moves (Arcade Branch),5.34
Whirlwind Twister,竜巻旋風,風 (Wind),50.0,50,Offense,,Magic Moves (Odaiba Branch),Magic Moves (Arcade Branch),4.19
Dash Accelerator,ダッシュアクセル,山 (Mountain),50.0,50,Offense,,Magic Moves (Odaiba Branch),Magic Moves (Arcade Branch),3.47
Monkey Turn,モンキーターン,山 (Mountain),50.0,50,Offense,,Magic Moves (Odaiba Branch),Magic Moves (Arcade Branch),3.9
Aurora Dribble,オーロラドリブル,風 (Wind),70.0,70,Offense,,Magic Moves (Odaiba Branch),Magic Moves (Arcade Branch),6.36
Kangaroo Kick,カンガルーキック,山 (Mountain),50.0,50,Offense,,Magic Moves (Odaiba Branch),Magic Moves (Arcade Branch),4.47
Heel Drop,ならく落とし,火 (Fire),60.0,60,Offense,,Magic Moves (Odaiba Branch),Magic Moves (Arcade Branch),4.39
Dog Run,ドッグラン,火 (Fire),50.0,50,Offense,,Magic Moves (Odaiba Branch),Magic Moves (Arcade Branch),6.26
Boomerang Bluff,ブーメランフェイント,山 (Mountain),50.0,50,Offense,,Magic Moves (Odaiba Branch),Magic Moves (Arcade Branch),5.84
Blast Mine,クレイモア,山 (Mountain),60.0,60,Offense,,Magic Moves (Odaiba Branch),Magic Moves (Arcade Branch),6.79
Spin Out,スピニングアッパー,風 (Wind),60.0,60,Offense,,Magic Moves (Odaiba Branch),Magic Moves (Arcade Branch),6.07
Transporter Device,トランスムーブ,林 (Forest),60.0,60,Offense,,Magic Moves (Odaiba Branch),Magic Moves (Arcade Branch),6.79
Swallow Counter,ツバメ返し,火 (Fire),60.0,60,Offense,,Magic Moves (Odaiba Branch),Magic Moves (Arcade Branch),6.21
Fake Ball,フェイクボール,林 (Forest),50.0,50,Defense,,Magic Moves (Odaiba Branch),Magic Moves (Arcade Branch),3.81
Sumo Stomp,四股踏み,山 (Mountain),50.0,50,Defense,,Magic Moves (Odaiba Branch),Magic Moves (Arcade Branch),4.44
Blade Attack,ブレードアタック,風 (Wind),50.0,50,Defense,,Magic Moves (Odaiba Branch),Magic Moves (Arcade Branch),5.96
Land of Ice,アイスグランド,風 (Wind),60.0,60,Defense,,Magic Moves (Odaiba Branch),Magic Moves (Arcade Branch),5.87
Super Sumo Stomp,スーパー四股踏み,火 (Fire),60.0,60,Defense,Shoot Block,Magic Moves (Odaiba Branch),Magic Moves (Arcade Branch),6.39
Gravestone,グレイブストーン,山 (Mountain),60.0,60,Defense,,Magic Moves (Odaiba Branch),Magic Moves (Arcade Branch),6.97
Racing Flame,地走り火炎,火 (Fire),60.0,60,Defense,,Magic Moves (Odaiba Branch),Magic Moves (Arcade Branch),4.46
Thief's Eye,シーフ・アイ,林 (Forest),50.0,50,Defense,,Magic Moves (Odaiba Branch),Magic Moves (Arcade Branch),6.31
Slice and Dice,ツインミキサー,火 (Fire),60.0,60,Defense,,Magic Moves (Odaiba Branch),Magic Moves (Arcade Branch),6.34
Pincer Pinch,ビッグシザース,火 (Fire),60.0,60,Defense,,Magic Moves (Odaiba Branch),Magic Moves (Arcade Branch),5.56
Jumbo Sandwich,エレファントプレス,山 (Mountain),70.0,70,Defense,,Magic Moves (Odaiba Branch),Magic Moves (Arcade Branch),5.61
Fractal Repeller,フラクタルハウス,山 (Mountain),70.0,70,Defense,,Magic Moves (Odaiba Branch),Magic Moves (Arcade Branch),7.61
Tesla Coil,コイルアッパー,林 (Forest),60.0,60,Defense,,Magic Moves (Odaiba Branch),Magic Moves (Arcade Branch),5.62
Wood Chopper,薪割りチョップ,山 (Mountain),60.0,60,Keep,,Magic Moves (Odaiba Branch),Magic Moves (Arcade Branch),4.74
Whirlwind,つむじ,風 (Wind),50.0,50,Keep,,Magic Moves (Odaiba Branch),Magic Moves (Arcade Branch),6.6
Rocket Kobushi,ロケットこぶし,火 (Fire),60.0,60,Keep,,Magic Moves (Odaiba Branch),Magic Moves (Arcade Branch),6.39
Flower Power,花吹雪,風 (Wind),50.0,50,Keep,,Magic Moves (Odaiba Branch),Magic Moves (Arcade Branch),6.64
Black Hole,ブラックホール,林 (Forest),60.0,60,Keep,,Magic Moves (Odaiba Branch),Magic Moves (Arcade Branch),6.16
Barrier Reef,グレートバリアリーフ,風 (Wind),60.0,60,Keep,,Magic Moves (Odaiba Branch),Magic Moves (Arcade Branch),6.69
Galatyn,ガラティーン,風 (Wind),60.0,60,Keep,,Magic Moves (Odaiba Branch),Magic Moves (Arcade Branch),5.32
Anchors Aweigh,ハイドロアンカー,風 (Wind),50.0,50,Keep,,Magic Moves (Odaiba Branch),Magic Moves (Arcade Branch),6.19
Shadow Catch,影掴み,林 (Forest),50.0,50,Keep,,Magic Moves (Odaiba Branch),Magic Moves (Arcade Branch),5.46
Somersault Stamp,ムーンサルトスタンプ,風 (Wind),50.0,50,Keep,,Magic Moves (Odaiba Branch),Magic Moves (Arcade Branch),6.94
Breath Taker,エクセレントブレスト,山 (Mountain),50.0,50,Keep,,Magic Moves (Odaiba Branch),Magic Moves (Arcade Branch),5.06
Sonic Shot,ソニックショット,風 (Wind),60.0,60,Shoot,,Magic Moves (Odaiba Branch),Magic Moves (Arcade Branch),6.32
Chip Shot,,,30.0,30,Shoot,,Special Training Booth,,
Curve Shot,,,30.0,30,Shoot,,Special Training Booth,,
Bounce Shot,,,30.0,30,Shoot,,Special Training Booth,,
Power Shot,,,30.0,30,Shoot,,Special Training Booth,,
Low Drive,,,30.0,30,Shoot,,Special Training Booth,,
Wrath Shot,百烈ショット,林 (Forest),50.0,50,Shoot,,Special Training Booth,,4.12
Grenade Shot,グレネードショット,火 (Fire),50.0,50,Shoot,,Special Training Booth,,3.52
Spinning Shot,スピニングシュート,風 (Wind),50.0,50,Shoot,,Special Training Booth,,5.27
Clone Shot,分身シュート,林 (Forest),50.0,50,Shoot,,Special Training Booth,,6.54
Spiral Shot,スパイラルショット,風 (Wind),50.0,50,Shoot,,Special Training Booth,,3.94
Reflect Buster,リフレクトバスター,山 (Mountain),60.0,60,Shoot,,Special Training Booth,,6.62
Kung Fu Header,クンフーヘッド,林 (Forest),50.0,50,Shoot,,Special Training Booth,,4.81
Divine Arrows,ディバインアロー,風 (Wind),60.0,60,Shoot,,Special Training Booth,,5.44
Back Tornado,バックトルネード,風 (Wind),60.0,60,Shoot,Counter Shoot,Special Training Booth,,4.96
Dark Tornado,ダークトルネード,林 (Forest),60.0,60,Shoot,Counter Shoot,Special Training Booth,,4.61
Rainbow Arc,レインボーループ,山 (Mountain),50.0,50,Shoot,Long Shoot,Special Training Booth,,5.32
Acrobat Bomber,トカチェフボンバー,林 (Forest),60.0,60,Shoot,,Special Training Booth,,5.45
Fire Blizzard,ファイアブリザード,風 (Wind),85.0,80,Shoot,,Special Training Booth,,6.19
Triple Boost,トリプルブースト,火 (Fire),85.0,80,Shoot,Long Shoot,Special Training Booth,,5.92
Cross Fire,クロスファイア,火 (Fire),100.0,100,Shoot,,Special Training Booth,,6.37
Whirlwind Drop,竜巻落とし,風 (Wind),85.0,80,Shoot,,Special Training Booth,,7.18
Mirage Shot,ミラージュシュート,林 (Forest),60.0,60,Shoot,,Special Training Booth,,5.89
Double Jaw,ダブル・ジョー,火 (Fire),60.0,60,Shoot,,Special Training Booth,,6.16
Dark Matter,ダークマター,林 (Forest),60.0,60,Shoot,Counter Shoot,Special Training Booth,,5.76
Brimstone Rain,ジョーカーレインズ,林 (Forest),70.0,70,Shoot,,Special Training Booth,,7.2
Snowstorm Leopard,パンサーブリザード,風 (Wind),70.0,70,Shoot,,Special Training Booth,,6.13
Spin Meister,スピニングトランザム,風 (Wind),50.0,50,Shoot,,Special Training Booth,,6.22
Accelerator Gears,ギアドライブ,山 (Mountain),60.0,60,Shoot,,Special Training Booth,,6.52
Twin Sun Smash,双飛遊星弾,山 (Mountain),70.0,70,Shoot,Counter Shoot,Special Training Booth,,7.27
Spring Thunderclap,春雷,風 (Wind),100.0,100,Shoot,,Special Training Booth,,8.44
Sunshine Splitter,サンシャインブレード,火 (Fire),60.0,60,Shoot,,Special Training Booth,,8.61
Force Flash,剛の一閃,山 (Mountain),60.0,60,Shoot,,Special Training Booth,,7.06
Swirly Shot,ぐるぐるシュート,風 (Wind),50.0,50,Shoot,,Special Training Booth,,5.79
Cheat Blaster,チートブラスター,火 (Fire),70.0,70,Shoot,,Special Training Booth,,7.21
Sniper Shot,エイムショット,山 (Mountain),50.0,50,Shoot,,Special Training Booth,,5.51
Royal Penguin Parade,ペンギン・ザ・パレード,林 (Forest),85.0,80,Shoot,,Special Training Booth,,9.14
Meteoric Fire Tornado,メテオッド・ファイアトルネード,火 (Fire),85.0,80,Shoot,,Special Training Booth,,
Bahamut Crash,バハムートクラッシュ,林 (Forest),70.0,70,Shoot,,Special Training Booth,,
Heavenly Thunder,天空サンダー,風 (Wind),60.0,60,Shoot,,Special Training Booth,,8.36
Dust Kick,,,30.0,30,Offense,,Special Training Booth,,
Crosscut Feint,,,30.0,30,Offense,,Special Training Booth,,
Heel Flick,,,30.0,30,Offense,,Special Training Booth,,
Nutmeg,,,30.0,30,Offense,,Special Training Booth,,
Feint Dash,,,30.0,30,Offense,,Special Training Booth,,
Deceptive Step,,,30.0,30,Offense,,Special Training Booth,,
Zipzag Spark,ジグザグスパーク,風 (Wind),50.0,50,Offense,,Special Training Booth,,
Super Armadillo,スーパーアルマジロ,山 (Mountain),50.0,50,Offense,,Special Training Booth,,3.74
Afterimage,残像,林 (Forest),60.0,60,Offense,,Special Training Booth,,5.49
Mole Fake,モグラフェイント,山 (Mountain),50.0,50,Offense,,Special Training Booth,,3.98
Deceptor Dribble,まぼろしドリブル,林 (Forest),60.0,60,Offense,,Special Training Booth,,5.89
Double Touch,ひとりワンツー,火 (Fire),60.0,60,Offense,,Special Training Booth,,5.72
Aikido,合気道,風 (Wind),70.0,70,Offense,,Special Training Booth,,6.14
Meteor Shower,メテオシャワー,火 (Fire),70.0,70,Offense,,Special Training Booth,,6.67
The Ikaros,ジ・イカロス,火 (Fire),70.0,70,Offense,,Special Training Booth,,7.29
Super Elastico,スーパーエラシコ,山 (Mountain),60.0,60,Offense,,Special Training Booth,,6.07
Ultra Moon,ウルトラムーン,林 (Forest),70.0,70,Offense,,Special Training Booth,,6.06
Frosticle,ホワイトブレード,風 (Wind),60.0,60,Offense,,Special Training Booth,,5.41
Tornado Tunnel,風穴ドライブ,風 (Wind),70.0,70,Offense,,Special Training Booth,,4.64
Plasma Cut,スパークエッジドリブル,火 (Fire),60.0,60,Offense,,Special Training Booth,,5.46
Endeavor Rush,エンデバーラン,風 (Wind),50.0,50,Offense,,Special Training Booth,,5.76
Grand Glow,オーバーグロウ,火 (Fire),50.0,50,Offense,,Special Training Booth,,5.72
Niagara Falls,ナイアガラフォールズ,風 (Wind),60.0,60,Offense,,Special Training Booth,,4.62
Ghoulish Glare,ブラックメイル,火 (Fire),70.0,70,Offense,,Special Training Booth,,6.01
Marshal's Light,ジェネラル・フラッグ,山 (Mountain),85.0,80,Offense,,Special Training Booth,,7.09
Feint Play,,,30.0,30,Defense,,Special Training Booth,,
Shoulder Tackle,,,30.0,30,Defense,,Special Training Booth,,
Curving Cut,,,30.0,30,Defense,,Special Training Booth,,
Cunning Pull,,,30.0,30,Defense,,Special Training Booth,,
Rolling Steal,,,30.0,30,Defense,,Special Training Booth,,
Killer Slide,キラースライド,林 (Forest),50.0,50,Defense,,Special Training Booth,,3.65
Coil Turn,コイルターン,風 (Wind),50.0,50,Defense,,Special Training Booth,,3.75
Earthquake,アースクェイク,山 (Mountain),50.0,50,Defense,,Special Training Booth,,4.99
Hurricane Arrows,ハリケーンアロー,風 (Wind),60.0,60,Defense,,Special Training Booth,,7.31
Spinning Cut,スピニングカット,風 (Wind),50.0,50,Defense,Shoot Block,Special Training Booth,,4.26
Mega Quake,メガクェイク,山 (Mountain),70.0,70,Defense,,Special Training Booth,,5.73
Volcano Cut,ボルケイノカット,火 (Fire),60.0,60,Defense,Shoot Block,Special Training Booth,,4.39
Double Cyclone,ダブルサイクロン,風 (Wind),70.0,70,Defense,,Special Training Booth,,4.27
Whirlwind Force,旋風陣,風 (Wind),60.0,60,Defense,Shoot Block,Special Training Booth,,5.86
Snow Angel,スノーエンジェル,風 (Wind),60.0,60,Defense,,Special Training Booth,,6.14
Stone Prison,ストーンプリズン,山 (Mountain),60.0,60,Defense,,Special Training Booth,,5.56
Zigzag Flame,ジグザグフレイム,火 (Fire),60.0,60,Defense,,Special Training Booth,,4.76
Whirlpool,サルガッソー,風 (Wind),60.0,60,Defense,,Special Training Booth,,5.09
Cyclone Sprint,スパイラルドロー,風 (Wind),50.0,50,Defense,,Special Training Booth,,5.66
Side Swipe,バニシングカット,無 (Void),70.0,70,Defense,,Special Training Booth,,4.59
Acrobotics,無影乱舞,山 (Mountain),85.0,80,Defense,,Special Training Booth,,5.11
Twirling Turtle,ダンシングタートル,風 (Wind),60.0,60,Defense,,Special Training Booth,,6.88
Foil Formula,ザ・マトリックス,林 (Forest),50.0,50,Defense,,Special Training Booth,,5.01
Deep Diver,ディープダイバー,風 (Wind),60.0,60,Defense,,Special Training Booth,,6.36
The Stronghold,ザ・フォート,山 (Mountain),85.0,80,Defense,,Special Training Booth,,8.38
Kraken Seaquake,海神・ザ・クェイク,風 (Wind),70.0,70,Defense,,Special Training Booth,,10.08
Strong Punch,,,30.0,30,Keep,,Special Training Booth,,
Power Catch,,,30.0,30,Keep,,Special Training Booth,,
Mighty Save,,,30.0,30,Keep,,Special Training Booth,,
Power Shield,パワーシールド,火 (Fire),60.0,60,Keep,,Special Training Booth,,3.34
Shot Pocket,シュートポケット,林 (Forest),50.0,50,Keep,,Special Training Booth,,4.96
Toughness Block,タフネスブロック,山 (Mountain),60.0,60,Keep,,Special Training Booth,,4.91
Full Power Shield,フルパワーシールド,火 (Fire),70.0,70,Keep,,Special Training Booth,,5.31
Burnout,バーンアウト,火 (Fire),60.0,60,Keep,,Special Training Booth,,5.81
Ice Block,アイスブロック,風 (Wind),60.0,60,Keep,,Special Training Booth,,4.99
Flash Upper,フラッシュアッパー,山 (Mountain),60.0,60,Keep,,Special Training Booth,,7.98
Nitro Slap,大爆発張り手,火 (Fire),60.0,60,Keep,,Special Training Booth,,6.77
Colosseum Guard,コロッセオガード,山 (Mountain),60.0,60,Keep,,Special Training Booth,,5.55
Electric Trap,エレキトラップ,風 (Wind),60.0,60,Keep,,Special Training Booth,,8.24
Power Spike,パワースパイク,火 (Fire),50.0,50,Keep,,Special Training Booth,,5.84
Snakebite,サーペントファング,山 (Mountain),70.0,70,Keep,,Special Training Booth,,6.99
Gyro-Blocker,ジャイロセービング,林 (Forest),60.0,60,Keep,,Special Training Booth,,6.09
Icy Grace,氷結の舞,風 (Wind),60.0,60,Keep,,Special Training Booth,,8.53
Cyber Realm,アウターワールド,林 (Forest),70.0,70,Keep,,Special Training Booth,,9.44
Stillness Drip,スウェットスティルネス,火 (Fire),50.0,50,Keep,,Special Training Booth,,6.92
Gravity Dune,グラビティデザート,山 (Mountain),60.0,60,Keep,,Special Training Booth,,8.86
Silent Inkstroke,明鏡止水,風 (Wind),60.0,60,Keep,,Special Training Booth,,7.09
Royal Shield,エンパイアシールド,火 (Fire),85.0,80,Keep,,Special Training Booth,,7.45
Tiger God Hand,ゴッドハンド・タイガー,山 (Mountain),85.0,80,Keep,,Special Training Booth,,
Sacred Embrace,女神大陸,林 (Forest),100.0,100,Keep,,Special Training Booth,,
Divine Deflectors,ゴッドフィンガーズ,風 (Wind),100.0,100,Keep,,Special Training Booth,,8.61
Ultimate Eleven Assault,最強イレブン波動,風 (Wind),100.0,100.0,Shoot,,Legendary Chest,,8.73
God Break,ゴッドブレイク,風 (Wind),85.0,80.0,Shoot,,Legendary Chest,,7.71
Elemental Destroyer,風林火山デストロイヤー,無 (Void),85.0,80.0,Shoot,,Legendary Chest,,8.09
The Phoenix,ザ・フェニックス,火 (Fire),85.0,80.0,Shoot,,Legendary Chest,,8.59
High Voltage,ハイボルテージ,風 (Wind),100.0,100.0,Keep,,Legendary Chest,,7.29
Zero Magnum,ゼロマグナム,無 (Void),85.0,80.0,Shoot,Counter Shoot,Legendary Chest ,,7.29
Omega Hand,オメガ・ザ・ハンド,山 (Mountain),100.0,100.0,Keep,,Legendary Chest,,8.65
Grand Fire,グランドファイア,火 (Fire),100.0,100.0,Shoot,Long Shoot,Legendary Chest ,,6.24
Celestial Smash,天空落とし,火 (Fire),85.0,80.0,Shoot,,Legendary Chest,,7.17
Emperor Penguin X,皇帝ペンギンＸ,火 (Fire),85.0,80.0,Shoot,,Legendary Chest,,9.86
